aileron,elevator,rudder,flaps,slats,speedbrake,throttle,engine-pump0,engine-pump1,electric-pump0,electric-pump1,external-power,APU-generator,latitude-deg,longitude-deg,altitude-ft,roll-deg,pitch-deg,heading-deg,side-slip-deg,airspeed-kt,glideslope,vertical-speed-fps,airspeed-indicator_indicated-speed-kt,altimeter_indicated-altitude-ft,altimeter_pressure-alt-ft,attitude-indicator_indicated-pitch-deg,attitude-indicator_indicated-roll-deg,attitude-indicator_internal-pitch-deg,attitude-indicator_internal-roll-deg,encoder_indicated-altitude-ft,encoder_pressure-alt-ft,gps_indicated-altitude-ft,gps_indicated-ground-speed-kt,gps_indicated-vertical-speed,indicated-heading-deg,magnetic-compass_indicated-heading-deg,slip-skid-ball_indicated-slip-skid,turn-indicator_indicated-turn-rate,vertical-speed-indicator_indicated-speed-fpm,engine_rpm
0.0,0.0,0.0,0.0,0.0,0.0,0.96652,1.139884E8,1.139884E8,1.13988416E8,1.13988416E8,1.13988464E8,1.13988496E8,63.985043,-22.592484,-9999.0,0.0,0.424,270.02136,0.0,0.0,0.0,0.0,0.0,0.0,0.0,0.0,0.0,0.0,0.0,0.0,0.0,0.0,0.0,0.0,0.0,0.0,0.0,0.0,0.0,0.0
0.0,0.0,0.0,0.0,0.0,0.0,0.96652,1.139884E8,1.139884E8,1.13988416E8,1.13988416E8,1.13988464E8,1.13988496E8,63.985043,-22.592484,-9999.0,0.0,0.424,270.02136,0.0,0.0,0.0,0.0,0.0,177.4758,1.193444,12.0,40.0,0.0,0.0,0.0,0.0,0.0,0.0,0.0,282.91263,0.0,0.0,0.0,0.0,0.0
1.0,1.0,1.0,0.0,0.0,0.0,-1.0,1.139884E8,1.139884E8,1.13988416E8,1.13988416E8,1.13988464E8,1.13988496E8,63.991837,-22.605425,-9999.0,0.0,0.424,180.01839,0.0,0.0,0.0,0.0,0.0,177.4758,1.193444,12.0,40.0,0.0,0.0,0.0,0.0,0.0,0.0,0.0,282.91263,0.0,0.0,0.0,0.0,0.0
1.0,1.0,1.0,0.0,0.0,0.0,-1.0,1.139884E8,1.139884E8,1.13988416E8,1.13988416E8,1.13988464E8,1.13988496E8,63.991837,-22.605425,-9999.0,0.0,0.424,180.01839,0.0,0.0,0.0,0.0,0.0,177.4758,1.193444,12.0,40.0,0.0,0.0,0.0,0.0,0.0,0.0,0.0,282.91263,0.0,0.0,0.0,0.0,0.0
1.0,1.0,1.0,0.0,0.0,0.0,-1.0,1.139884E8,1.139884E8,1.13988416E8,1.13988416E8,1.13988464E8,1.13988496E8,63.991837,-22.605425,-9999.0,0.0,0.424,180.01839,0.0,0.0,0.0,0.0,0.0,177.4758,1.193444,12.0,40.0,0.0,0.0,0.0,0.0,0.0,0.0,0.0,282.91263,0.0,0.0,0.0,0.0,0.0
1.0,1.0,1.0,0.0,0.0,0.0,-1.0,1.139884E8,1.139884E8,1.13988416E8,1.13988416E8,1.13988464E8,1.13988496E8,63.991837,-22.605425,-9999.0,0.0,0.424,180.01839,0.0,0.0,0.0,0.0,0.0,177.4758,1.193444,12.0,40.0,0.0,0.0,0.0,0.0,0.0,0.0,0.0,282.91263,0.0,0.0,0.0,0.0,0.0
1.0,1.0,1.0,0.0,0.0,0.0,1.0,1.139884E8,1.139884E8,1.13988416E8,1.13988416E8,1.13988464E8,1.13988496E8,63.991837,-22.605425,-9999.0,0.0,0.424,180.01839,0.0,0.0,0.0,0.0,0.0,177.4758,1.193444,12.0,40.0,0.0,0.0,0.0,0.0,0.0,0.0,0.0,282.91263,0.0,0.0,0.0,0.0,0.0
1.0,1.0,1.0,0.0,0.0,0.0,1.0,1.139884E8,1.139884E8,1.13988416E8,1.13988416E8,1.13988464E8,1.13988496E8,63.991837,-22.605425,-9999.0,0.0,0.424,180.01839,0.0,0.0,0.0,0.0,0.0,177.4758,1.193444,12.0,40.0,0.0,0.0,0.0,0.0,0.0,0.0,0.0,282.91263,0.0,0.0,0.0,0.0,0.0
-1.0,-1.0,-1.0,0.0,0.0,0.0,1.0,1.139884E8,1.139884E8,1.13988416E8,1.13988416E8,1.13988464E8,1.13988496E8,63.991837,-22.605425,-9999.0,0.0,0.424,180.01839,0.0,0.0,0.0,0.0,0.0,177.4758,1.193444,12.0,40.0,0.0,0.0,0.0,0.0,0.0,0.0,0.0,282.91263,0.0,0.0,0.0,0.0,0.0
-1.0,-1.0,-1.0,0.0,0.0,0.0,1.0,1.139884E8,1.139884E8,1.13988416E8,1.13988416E8,1.13988464E8,1.13988496E8,63.991837,-22.605425,-9999.0,0.0,0.424,180.01839,0.0,0.0,0.0,0.0,0.0,177.4758,1.193444,12.0,40.0,0.0,0.0,0.0,0.0,0.0,0.0,0.0,282.91263,0.0,0.0,0.0,0.0,0.0
1.0,1.0,1.0,0.0,0.0,0.0,1.0,1.139884E8,1.139884E8,1.13988416E8,1.13988416E8,1.13988464E8,1.13988496E8,63.991837,-22.605425,-9999.0,0.0,0.424,180.01839,0.0,0.0,0.0,0.0,0.0,177.4758,1.193444,12.0,40.0,0.0,0.0,0.0,0.0,0.0,0.0,0.0,282.91263,0.0,0.0,0.0,0.0,0.0
1.0,1.0,1.0,0.0,0.0,0.0,1.0,1.139884E8,1.139884E8,1.13988416E8,1.13988416E8,1.13988464E8,1.13988496E8,63.991837,-22.605425,-9999.0,0.0,0.424,180.01839,0.0,0.0,0.0,0.0,0.0,177.4758,1.193444,12.0,40.0,0.0,0.0,0.0,0.0,0.0,0.0,0.0,282.91263,0.0,0.0,0.0,0.0,0.0
-1.0,-1.0,-1.0,0.0,0.0,0.0,-1.0,1.139884E8,1.139884E8,1.13988416E8,1.13988416E8,1.13988464E8,1.13988496E8,63.991837,-22.605425,-9999.0,0.0,0.424,180.01839,0.0,0.0,0.0,0.0,0.0,177.4758,1.193444,12.0,40.0,0.0,0.0,0.0,0.0,0.0,0.0,0.0,282.91263,0.0,0.0,0.0,0.0,0.0
-1.0,-1.0,-1.0,0.0,0.0,0.0,-1.0,1.139884E8,1.139884E8,1.13988416E8,1.13988416E8,1.13988464E8,1.13988496E8,63.991837,-22.605425,-9999.0,0.0,0.424,180.01839,0.0,0.0,0.0,0.0,0.0,177.4758,1.193444,12.0,40.0,0.0,0.0,0.0,0.0,0.0,0.0,0.0,282.91263,0.0,0.0,0.0,0.0,0.0
1.0,1.0,1.0,0.0,0.0,0.0,1.0,1.139884E8,1.139884E8,1.13988416E8,1.13988416E8,1.13988464E8,1.13988496E8,63.991837,-22.605425,-9999.0,0.0,0.424,180.01839,0.0,0.0,0.0,0.0,0.0,177.4758,1.193444,12.0,40.0,0.0,0.0,0.0,0.0,0.0,0.0,0.0,282.91263,0.0,0.0,0.0,0.0,0.0
1.0,1.0,1.0,0.0,0.0,0.0,1.0,1.139884E8,1.139884E8,1.13988416E8,1.13988416E8,1.13988464E8,1.13988496E8,63.991837,-22.605425,-9999.0,0.0,0.424,180.01839,0.0,0.0,0.0,0.0,0.0,177.4758,1.193444,12.0,40.0,0.0,0.0,0.0,0.0,0.0,0.0,0.0,282.91263,0.0,0.0,0.0,0.0,0.0
-1.0,-1.0,-1.0,0.0,0.0,0.0,-1.0,1.139884E8,1.139884E8,1.13988416E8,1.13988416E8,1.13988464E8,1.13988496E8,63.991837,-22.605425,-9999.0,0.0,0.424,180.01839,0.0,0.0,0.0,0.0,0.0,177.4758,1.193444,12.0,40.0,0.0,0.0,0.0,0.0,0.0,0.0,0.0,282.91263,0.0,0.0,0.0,0.0,0.0
-1.0,-1.0,-1.0,0.0,0.0,0.0,-1.0,1.139884E8,1.139884E8,1.13988416E8,1.13988416E8,1.13988464E8,1.13988496E8,63.991837,-22.605425,-9999.0,0.0,0.424,180.01839,0.0,0.0,0.0,0.0,0.0,177.4758,1.193444,12.0,40.0,0.0,0.0,0.0,0.0,0.0,0.0,0.0,282.91263,0.0,0.0,0.0,0.0,0.0
1.0,-1.0,-1.0,0.0,0.0,0.0,-1.0,1.139884E8,1.139884E8,1.13988416E8,1.13988416E8,1.13988464E8,1.13988496E8,63.991837,-22.605425,-9999.0,0.0,0.424,180.01839,0.0,0.0,0.0,0.0,0.0,177.4758,1.193444,12.0,40.0,0.0,0.0,0.0,0.0,0.0,0.0,0.0,282.91263,0.0,0.0,0.0,0.0,0.0
1.0,1.0,1.0,0.0,0.0,0.0,1.0,1.139884E8,1.139884E8,1.13988416E8,1.13988416E8,1.13988464E8,1.13988496E8,63.991837,-22.605425,-9999.0,0.0,0.424,180.01839,0.0,0.0,0.0,0.0,0.0,177.4758,1.193444,12.0,40.0,0.0,0.0,0.0,0.0,0.0,0.0,0.0,282.91263,0.0,0.0,0.0,0.0,0.0
1.0,1.0,1.0,0.0,0.0,0.0,1.0,1.139884E8,1.139884E8,1.13988416E8,1.13988416E8,1.13988464E8,1.13988496E8,63.991837,-22.605425,-9999.0,0.0,0.424,180.01839,0.0,0.0,0.0,0.0,0.0,177.4758,1.193444,12.0,40.0,0.0,0.0,0.0,0.0,0.0,0.0,0.0,282.91263,0.0,0.0,0.0,0.0,0.0
-1.0,1.0,1.0,0.0,0.0,0.0,1.0,1.139884E8,1.139884E8,1.13988416E8,1.13988416E8,1.13988464E8,1.13988496E8,63.991837,-22.605425,-9999.0,0.0,0.424,180.01839,0.0,0.0,0.0,0.0,0.0,177.4758,1.193444,12.0,40.0,0.0,0.0,0.0,0.0,0.0,0.0,0.0,282.91263,0.0,0.0,0.0,0.0,0.0
-1.0,1.0,1.0,0.0,0.0,0.0,1.0,1.139884E8,1.139884E8,1.13988416E8,1.13988416E8,1.13988464E8,1.13988496E8,63.991837,-22.605425,-9999.0,0.0,0.424,180.01839,0.0,0.0,0.0,0.0,0.0,177.4758,1.193444,12.0,40.0,0.0,0.0,0.0,0.0,0.0,0.0,0.0,282.91263,0.0,0.0,0.0,0.0,0.0
1.0,1.0,1.0,0.0,0.0,0.0,1.0,1.139884E8,1.139884E8,1.13988416E8,1.13988416E8,1.13988464E8,1.13988496E8,63.991837,-22.605425,-9999.0,0.0,0.424,180.01839,0.0,0.0,0.0,0.0,0.0,177.4758,1.193444,12.0,40.0,0.0,0.0,0.0,0.0,0.0,0.0,0.0,282.91263,0.0,0.0,0.0,0.0,0.0
1.0,1.0,1.0,0.0,0.0,0.0,1.0,1.139884E8,1.139884E8,1.13988416E8,1.13988416E8,1.13988464E8,1.13988496E8,63.991837,-22.605425,-9999.0,0.0,0.424,180.01839,0.0,0.0,0.0,0.0,0.0,177.4758,1.193444,12.0,40.0,0.0,0.0,0.0,0.0,0.0,0.0,0.0,282.91263,0.0,0.0,0.0,0.0,0.0
-1.0,-1.0,-1.0,0.0,0.0,0.0,-1.0,1.139884E8,1.139884E8,1.13988416E8,1.13988416E8,1.13988464E8,1.13988496E8,63.991837,-22.605425,-9999.0,0.0,0.424,180.01839,0.0,0.0,0.0,0.0,0.0,177.4758,1.193444,12.0,40.0,0.0,0.0,0.0,0.0,0.0,0.0,0.0,282.91263,0.0,0.0,0.0,0.0,0.0
-1.0,-1.0,-1.0,0.0,0.0,0.0,-1.0,1.139884E8,1.139884E8,1.13988416E8,1.13988416E8,1.13988464E8,1.13988496E8,63.991837,-22.605425,-9999.0,0.0,0.424,180.01839,0.0,0.0,0.0,0.0,0.0,177.4758,1.193444,12.0,40.0,0.0,0.0,0.0,0.0,0.0,0.0,0.0,282.91263,0.0,0.0,0.0,0.0,0.0
1.0,1.0,1.0,0.0,0.0,0.0,1.0,1.139884E8,1.139884E8,1.13988416E8,1.13988416E8,1.13988464E8,1.13988496E8,63.991837,-22.605425,-9999.0,0.0,0.424,180.01839,0.0,0.0,0.0,0.0,0.0,177.4758,1.193444,12.0,40.0,0.0,0.0,0.0,0.0,0.0,0.0,0.0,282.91263,0.0,0.0,0.0,0.0,0.0
1.0,1.0,1.0,0.0,0.0,0.0,1.0,1.139884E8,1.139884E8,1.13988416E8,1.13988416E8,1.13988464E8,1.13988496E8,63.991837,-22.605425,-9999.0,0.0,0.424,180.01839,0.0,0.0,0.0,0.0,0.0,177.4758,1.193444,12.0,40.0,0.0,0.0,0.0,0.0,0.0,0.0,0.0,282.91263,0.0,0.0,0.0,0.0,0.0
-1.0,-1.0,-1.0,0.0,0.0,0.0,-1.0,1.139884E8,1.139884E8,1.13988416E8,1.13988416E8,1.13988464E8,1.13988496E8,63.991837,-22.605425,-9999.0,0.0,0.424,180.01839,0.0,0.0,0.0,0.0,0.0,177.4758,1.193444,12.0,40.0,0.0,0.0,0.0,0.0,0.0,0.0,0.0,282.91263,0.0,0.0,0.0,0.0,0.0
-1.0,-1.0,-1.0,0.0,0.0,0.0,-1.0,1.139884E8,1.139884E8,1.13988416E8,1.13988416E8,1.13988464E8,1.13988496E8,63.991837,-22.605425,-9999.0,0.0,0.424,180.01839,0.0,0.0,0.0,0.0,0.0,177.4758,1.193444,12.0,40.0,0.0,0.0,0.0,0.0,0.0,0.0,0.0,282.91263,0.0,0.0,0.0,0.0,0.0
1.0,1.0,1.0,0.0,0.0,0.0,-1.0,1.139884E8,1.139884E8,1.13988416E8,1.13988416E8,1.13988464E8,1.13988496E8,63.991837,-22.605425,-9999.0,0.0,0.424,180.01839,0.0,0.0,0.0,0.0,0.0,177.4758,1.193444,12.0,40.0,0.0,0.0,0.0,0.0,0.0,0.0,0.0,282.91263,0.0,0.0,0.0,0.0,0.0
1.0,1.0,1.0,0.0,0.0,0.0,-1.0,1.139884E8,1.139884E8,1.13988416E8,1.13988416E8,1.13988464E8,1.13988496E8,63.991837,-22.605425,-9999.0,0.0,0.424,180.01839,0.0,0.0,0.0,0.0,0.0,177.4758,1.193444,12.0,40.0,0.0,0.0,0.0,0.0,0.0,0.0,0.0,282.91263,0.0,0.0,0.0,0.0,0.0
-1.0,-1.0,-1.0,0.0,0.0,0.0,-1.0,1.139884E8,1.139884E8,1.13988416E8,1.13988416E8,1.13988464E8,1.13988496E8,63.991837,-22.605425,-9999.0,0.0,0.424,180.01839,0.0,0.0,0.0,0.0,0.0,177.4758,1.193444,12.0,40.0,0.0,0.0,0.0,0.0,0.0,0.0,0.0,282.91263,0.0,0.0,0.0,0.0,0.0
-1.0,-1.0,-1.0,0.0,0.0,0.0,-1.0,1.139884E8,1.139884E8,1.13988416E8,1.13988416E8,1.13988464E8,1.13988496E8,63.991837,-22.605425,-9999.0,0.0,0.424,180.01839,0.0,0.0,0.0,0.0,0.0,177.4758,1.193444,12.0,40.0,0.0,0.0,0.0,0.0,0.0,0.0,0.0,282.91263,0.0,0.0,0.0,0.0,0.0
1.0,1.0,1.0,0.0,0.0,0.0,1.0,1.139884E8,1.139884E8,1.13988416E8,1.13988416E8,1.13988464E8,1.13988496E8,63.991837,-22.605425,-9999.0,0.0,0.424,180.01839,0.0,0.0,0.0,0.0,0.0,177.4758,1.193444,12.0,40.0,0.0,0.0,0.0,0.0,0.0,0.0,0.0,282.91263,0.0,0.0,0.0,0.0,0.0
1.0,1.0,1.0,0.0,0.0,0.0,1.0,1.139884E8,1.139884E8,1.13988416E8,1.13988416E8,1.13988464E8,1.13988496E8,63.991837,-22.605425,-9999.0,0.0,0.424,180.01839,0.0,0.0,0.0,0.0,0.0,177.4758,1.193444,12.0,40.0,0.0,0.0,0.0,0.0,0.0,0.0,0.0,282.91263,0.0,0.0,0.0,0.0,0.0
-1.0,-1.0,-1.0,0.0,0.0,0.0,-1.0,1.139884E8,1.139884E8,1.13988416E8,1.13988416E8,1.13988464E8,1.13988496E8,63.991837,-22.605425,-9999.0,0.0,0.424,180.01839,0.0,0.0,0.0,0.0,0.0,177.4758,1.193444,12.0,40.0,0.0,0.0,0.0,0.0,0.0,0.0,0.0,282.91263,0.0,0.0,0.0,0.0,0.0
1.0,1.0,1.0,0.0,0.0,0.0,1.0,1.139884E8,1.139884E8,1.13988416E8,1.13988416E8,1.13988464E8,1.13988496E8,63.991837,-22.605425,-9999.0,0.0,0.424,180.01839,0.0,0.0,0.0,0.0,0.0,177.4758,1.193444,12.0,40.0,0.0,0.0,0.0,0.0,0.0,0.0,0.0,282.91263,0.0,0.0,0.0,0.0,0.0
1.0,1.0,1.0,0.0,0.0,0.0,1.0,1.139884E8,1.139884E8,1.13988416E8,1.13988416E8,1.13988464E8,1.13988496E8,63.991837,-22.605425,-9999.0,0.0,0.424,180.01839,0.0,0.0,0.0,0.0,0.0,177.4758,1.193444,12.0,40.0,0.0,0.0,0.0,0.0,0.0,0.0,0.0,282.91263,0.0,0.0,0.0,0.0,0.0
-1.0,-1.0,-1.0,0.0,0.0,0.0,-1.0,1.139884E8,1.139884E8,1.13988416E8,1.13988416E8,1.13988464E8,1.13988496E8,63.991837,-22.605425,-9999.0,0.0,0.424,180.01839,0.0,0.0,0.0,0.0,0.0,177.4758,1.193444,12.0,40.0,0.0,0.0,0.0,0.0,0.0,0.0,0.0,282.91263,0.0,0.0,0.0,0.0,0.0
-1.0,-1.0,-1.0,0.0,0.0,0.0,-1.0,1.139884E8,1.139884E8,1.13988416E8,1.13988416E8,1.13988464E8,1.13988496E8,63.991837,-22.605425,-9999.0,0.0,0.424,180.01839,0.0,0.0,0.0,0.0,0.0,177.4758,1.193444,12.0,40.0,0.0,0.0,0.0,0.0,0.0,0.0,0.0,282.91263,0.0,0.0,0.0,0.0,0.0
1.0,1.0,-1.0,0.0,0.0,0.0,-1.0,1.139884E8,1.139884E8,1.13988416E8,1.13988416E8,1.13988464E8,1.13988496E8,63.991837,-22.605425,-9999.0,0.0,0.424,180.01839,0.0,0.0,0.0,0.0,0.0,177.4758,1.193444,12.0,40.0,0.0,0.0,0.0,0.0,0.0,0.0,0.0,282.91263,0.0,0.0,0.0,0.0,0.0
1.0,1.0,-1.0,0.0,0.0,0.0,-1.0,1.139884E8,1.139884E8,1.13988416E8,1.13988416E8,1.13988464E8,1.13988496E8,63.991837,-22.605425,-9999.0,0.0,0.424,180.01839,0.0,0.0,0.0,0.0,0.0,177.4758,1.193444,12.0,40.0,0.0,0.0,0.0,0.0,0.0,0.0,0.0,282.91263,0.0,0.0,0.0,0.0,0.0
-1.0,-1.0,-1.0,0.0,0.0,0.0,-1.0,1.139884E8,1.139884E8,1.13988416E8,1.13988416E8,1.13988464E8,1.13988496E8,63.991837,-22.605425,-9999.0,0.0,0.424,180.01839,0.0,0.0,0.0,0.0,0.0,177.4758,1.193444,12.0,40.0,0.0,0.0,0.0,0.0,0.0,0.0,0.0,282.91263,0.0,0.0,0.0,0.0,0.0
-1.0,-1.0,-1.0,0.0,0.0,0.0,-1.0,1.139884E8,1.139884E8,1.13988416E8,1.13988416E8,1.13988464E8,1.13988496E8,63.991837,-22.605425,-9999.0,0.0,0.424,180.01839,0.0,0.0,0.0,0.0,0.0,177.4758,1.193444,12.0,40.0,0.0,0.0,0.0,0.0,0.0,0.0,0.0,282.91263,0.0,0.0,0.0,0.0,0.0
1.0,1.0,1.0,0.0,0.0,0.0,1.0,1.139884E8,1.139884E8,1.13988416E8,1.13988416E8,1.13988464E8,1.13988496E8,63.991837,-22.605425,-9999.0,0.0,0.424,180.01839,0.0,0.0,0.0,0.0,0.0,177.4758,1.193444,12.0,40.0,0.0,0.0,0.0,0.0,0.0,0.0,0.0,282.91263,0.0,0.0,0.0,0.0,0.0
1.0,1.0,1.0,0.0,0.0,0.0,1.0,1.139884E8,1.139884E8,1.13988416E8,1.13988416E8,1.13988464E8,1.13988496E8,63.991837,-22.605425,-9999.0,0.0,0.424,180.01839,0.0,0.0,0.0,0.0,0.0,177.4758,1.193444,12.0,40.0,0.0,0.0,0.0,0.0,0.0,0.0,0.0,282.91263,0.0,0.0,0.0,0.0,0.0
-1.0,-1.0,-1.0,0.0,0.0,0.0,-1.0,1.139884E8,1.139884E8,1.13988416E8,1.13988416E8,1.13988464E8,1.13988496E8,63.991837,-22.605425,-9999.0,0.0,0.424,180.01839,0.0,0.0,0.0,0.0,0.0,177.4758,1.193444,12.0,40.0,0.0,0.0,0.0,0.0,0.0,0.0,0.0,282.91263,0.0,0.0,0.0,0.0,0.0
-1.0,-1.0,-1.0,0.0,0.0,0.0,-1.0,1.139884E8,1.139884E8,1.13988416E8,1.13988416E8,1.13988464E8,1.13988496E8,63.991837,-22.605425,-9999.0,0.0,0.424,180.01839,0.0,0.0,0.0,0.0,0.0,177.4758,1.193444,12.0,40.0,0.0,0.0,0.0,0.0,0.0,0.0,0.0,282.91263,0.0,0.0,0.0,0.0,0.0
1.0,1.0,1.0,0.0,0.0,0.0,1.0,1.139884E8,1.139884E8,1.13988416E8,1.13988416E8,1.13988464E8,1.13988496E8,63.991837,-22.605425,-9999.0,0.0,0.424,180.01839,0.0,0.0,0.0,0.0,0.0,177.4758,1.193444,12.0,40.0,0.0,0.0,0.0,0.0,0.0,0.0,0.0,282.91263,0.0,0.0,0.0,0.0,0.0
1.0,1.0,1.0,0.0,0.0,0.0,1.0,1.139884E8,1.139884E8,1.13988416E8,1.13988416E8,1.13988464E8,1.13988496E8,63.991837,-22.605425,-9999.0,0.0,0.424,180.01839,0.0,0.0,0.0,0.0,0.0,177.4758,1.193444,12.0,40.0,0.0,0.0,0.0,0.0,0.0,0.0,0.0,282.91263,0.0,0.0,0.0,0.0,0.0
-1.0,-1.0,-1.0,0.0,0.0,0.0,-1.0,1.139884E8,1.139884E8,1.13988416E8,1.13988416E8,1.13988464E8,1.13988496E8,63.991837,-22.605425,-9999.0,0.0,0.424,180.01839,0.0,0.0,0.0,0.0,0.0,177.4758,1.193444,12.0,40.0,0.0,0.0,0.0,0.0,0.0,0.0,0.0,282.91263,0.0,0.0,0.0,0.0,0.0
-1.0,-1.0,-1.0,0.0,0.0,0.0,-1.0,1.139884E8,1.139884E8,1.13988416E8,1.13988416E8,1.13988464E8,1.13988496E8,63.991837,-22.605425,-9999.0,0.0,0.424,180.01839,0.0,0.0,0.0,0.0,0.0,177.4758,1.193444,12.0,40.0,0.0,0.0,0.0,0.0,0.0,0.0,0.0,282.91263,0.0,0.0,0.0,0.0,0.0
1.0,-1.0,-1.0,0.0,0.0,0.0,-1.0,1.139884E8,1.139884E8,1.13988416E8,1.13988416E8,1.13988464E8,1.13988496E8,63.991837,-22.605425,-9999.0,0.0,0.424,180.01839,0.0,0.0,0.0,0.0,0.0,177.4758,1.193444,12.0,40.0,0.0,0.0,0.0,0.0,0.0,0.0,0.0,282.91263,0.0,0.0,0.0,0.0,0.0
1.0,-1.0,-1.0,0.0,0.0,0.0,-1.0,1.139884E8,1.139884E8,1.13988416E8,1.13988416E8,1.13988464E8,1.13988496E8,63.991837,-22.605425,-9999.0,0.0,0.424,180.01839,0.0,0.0,0.0,0.0,0.0,177.4758,1.193444,12.0,40.0,0.0,0.0,0.0,0.0,0.0,0.0,0.0,282.91263,0.0,0.0,0.0,0.0,0.0
-1.0,-1.0,-1.0,0.0,0.0,0.0,-1.0,1.139884E8,1.139884E8,1.13988416E8,1.13988416E8,1.13988464E8,1.13988496E8,63.991837,-22.605425,-9999.0,0.0,0.424,180.01839,0.0,0.0,0.0,0.0,0.0,177.4758,1.193444,12.0,40.0,0.0,0.0,0.0,0.0,0.0,0.0,0.0,282.91263,0.0,0.0,0.0,0.0,0.0
-1.0,-1.0,-1.0,0.0,0.0,0.0,-1.0,1.139884E8,1.139884E8,1.13988416E8,1.13988416E8,1.13988464E8,1.13988496E8,63.991837,-22.605425,-9999.0,0.0,0.424,180.01839,0.0,0.0,0.0,0.0,0.0,177.4758,1.193444,12.0,40.0,0.0,0.0,0.0,0.0,0.0,0.0,0.0,282.91263,0.0,0.0,0.0,0.0,0.0
1.0,1.0,1.0,0.0,0.0,0.0,1.0,1.139884E8,1.139884E8,1.13988416E8,1.13988416E8,1.13988464E8,1.13988496E8,63.991837,-22.605425,-9999.0,0.0,0.424,180.01839,0.0,0.0,0.0,0.0,0.0,177.4758,1.193444,12.0,40.0,0.0,0.0,0.0,0.0,0.0,0.0,0.0,282.91263,0.0,0.0,0.0,0.0,0.0
-1.0,-1.0,-1.0,0.0,0.0,0.0,-1.0,1.139884E8,1.139884E8,1.13988416E8,1.13988416E8,1.13988464E8,1.13988496E8,63.991837,-22.605425,-9999.0,0.0,0.424,180.01839,0.0,0.0,0.0,0.0,0.0,177.4758,1.193444,12.0,40.0,0.0,0.0,0.0,0.0,0.0,0.0,0.0,282.91263,0.0,0.0,0.0,0.0,0.0
-1.0,-1.0,-1.0,0.0,0.0,0.0,-1.0,1.139884E8,1.139884E8,1.13988416E8,1.13988416E8,1.13988464E8,1.13988496E8,63.991837,-22.605425,-9999.0,0.0,0.424,180.01839,0.0,0.0,0.0,0.0,0.0,177.4758,1.193444,12.0,40.0,0.0,0.0,0.0,0.0,0.0,0.0,0.0,282.91263,0.0,0.0,0.0,0.0,0.0
1.0,1.0,1.0,0.0,0.0,0.0,1.0,1.139884E8,1.139884E8,1.13988416E8,1.13988416E8,1.13988464E8,1.13988496E8,63.991837,-22.605425,-9999.0,0.0,0.424,180.01839,0.0,0.0,0.0,0.0,0.0,177.4758,1.193444,12.0,40.0,0.0,0.0,0.0,0.0,0.0,0.0,0.0,282.91263,0.0,0.0,0.0,0.0,0.0
1.0,1.0,1.0,0.0,0.0,0.0,0.0,1.139884E8,1.139884E8,1.13988416E8,1.13988416E8,1.13988464E8,1.13988496E8,63.991837,-22.605427,146.22935,0.104769,4.95379,180.01332,0.0,0.0,0.0,0.0,0.0,177.4758,1.193444,12.0,40.0,0.0,0.0,0.0,0.0,0.0,0.0,0.0,282.91263,0.0,0.0,0.0,0.0,0.0
1.0,1.0,1.0,0.0,0.0,0.0,1.0,1.139884E8,1.139884E8,1.13988416E8,1.13988416E8,1.13988464E8,1.13988496E8,63.991837,-22.605427,146.22923,0.100272,4.971203,180.01299,89.85076,3.012251,-0.035258,-1.15E-4,0.0,322.98257,146.70023,12.0,40.0,0.0,0.0,130.00014,130.0,146.22923,8.6E-5,-0.015766,282.91257,357.95187,-0.005672,-0.402125,4001.5764,0.0
1.0,1.0,1.0,0.0,0.0,0.0,1.0,1.139884E8,1.139884E8,1.13988416E8,1.13988416E8,1.13988464E8,1.13988496E8,63.991837,-22.605427,146.22958,0.099677,4.950303,180.01292,83.882744,2.733602,0.17053,4.4E-5,0.0,298.5081,122.225746,12.0,40.0,0.0,0.0,120.000145,120.0,146.22958,7.0E-5,0.003757,282.91257,332.70734,-0.013037,-1.228903,2500.2095,0.0
1.0,1.0,1.0,0.0,0.0,0.0,1.0,1.139884E8,1.139884E8,1.13988416E8,1.13988416E8,1.13988464E8,1.13988496E8,63.991837,-22.605427,146.2296,0.099701,4.950063,180.01292,83.36925,2.714109,0.161765,3.1E-5,4.743156,297.3537,121.07134,12.0,40.0,0.0,0.0,120.000145,120.0,146.2296,6.9E-5,0.002784,282.91257,329.848,-0.013306,-1.275782,2389.3198,0.0
1.0,1.0,1.0,0.0,0.0,0.0,1.0,1.139884E8,1.139884E8,1.13988416E8,1.13988416E8,1.13988464E8,1.13988496E8,63.991837,-22.605427,146.2296,0.09995,4.94972,180.01294,81.78309,2.656957,0.106283,1.1E-5,4.95449,291.18484,114.90248,12.0,40.0,0.0,0.0,120.000145,120.0,146.2296,6.6E-5,3.69E-4,282.91257,320.62524,-0.014167,-1.406299,1968.682,0.0
1.0,1.0,1.0,0.0,0.0,0.0,1.0,1.139884E8,1.139884E8,1.13988416E8,1.13988416E8,1.13988464E8,1.13988496E8,63.991837,-22.605427,146.2296,0.1,4.94969,180.01294,81.481705,2.646598,-0.122925,-1.1E-5,5.759106,290.47116,114.18881,12.0,40.0,0.0,0.0,120.000145,120.0,146.2296,6.6E-5,6.37E-4,282.91257,318.8187,-0.014275,-1.428895,1900.159,0.0
-1.0,-1.0,-1.0,0.0,0.0,0.0,1.0,1.139884E8,1.139884E8,1.13988416E8,1.13988416E8,1.13988464E8,1.13988496E8,63.991837,-22.605427,146.2296,0.100057,4.949665,180.01295,81.11695,2.63425,-0.478348,-3.2E-5,6.484371,289.39505,113.11272,12.0,40.0,0.0,0.0,110.000145,110.0,146.2296,6.5E-5,-3.35E-4,282.91257,316.61307,-0.014488,-1.455396,1809.111,0.0
-1.0,-1.0,-1.0,0.0,0.0,0.0,1.0,1.139884E8,1.139884E8,1.13988416E8,1.13988416E8,1.13988464E8,1.13988496E8,63.991837,-22.605427,146.2296,0.100023,4.949667,180.01294,80.748795,2.62184,-0.409861,-1.1E-4,6.891595,288.1803,111.897934,12.0,40.0,0.0,0.0,110.000145,110.0,146.2296,6.4E-5,-0.006508,282.91257,314.36768,-0.014666,-1.48124,1711.003,0.0
1.0,-1.0,-1.0,0.0,0.0,0.0,-1.0,1.139884E8,1.139884E8,1.13988416E8,1.13988416E8,1.13988464E8,1.13988496E8,63.991837,-22.605427,146.22958,0.099725,4.94973,180.01292,80.37753,2.609507,-0.324689,-2.1E-4,7.122807,286.88324,110.60088,12.0,40.0,0.0,0.0,110.000145,110.0,146.22958,6.4E-5,-0.013921,282.91257,312.084,-0.015071,-1.506446,1607.0043,0.0
1.0,-1.0,-1.0,0.0,0.0,0.0,-1.0,1.139884E8,1.139884E8,1.13988416E8,1.13988416E8,1.13988464E8,1.13988496E8,63.991837,-22.605427,146.22957,0.099341,4.949878,180.0129,80.00445,2.597653,-0.590985,-2.87E-4,7.256701,285.53735,109.25501,12.0,40.0,0.0,0.0,110.000145,110.0,146.22957,6.3E-5,-0.020194,282.91257,309.76358,-0.015086,-1.531027,1497.5197,0.0
1.0,1.0,1.0,0.0,0.0,0.0,1.0,1.139884E8,1.139884E8,1.13988416E8,1.13988416E8,1.13988464E8,1.13988496E8,63.991837,-22.605427,146.22955,0.099265,4.950104,180.0129,79.6277,2.58604,-0.528359,-2.29E-4,7.335309,284.1625,107.88016,12.0,40.0,0.0,0.0,110.000145,110.0,146.22955,6.3E-5,-0.017678,282.91257,307.4079,-0.014964,-1.555,1382.3784,0.0
1.0,1.0,1.0,0.0,0.0,0.0,1.0,1.139884E8,1.139884E8,1.13988416E8,1.13988416E8,1.13988464E8,1.13988496E8,63.991837,-22.605427,146.22955,0.099458,4.950349,180.01291,79.24533,2.574359,-0.201312,-9.4E-5,7.381925,282.77048,106.48812,12.0,40.0,0.0,0.0,110.000145,110.0,146.22955,6.2E-5,-0.008386,282.91257,305.01852,-0.014991,-1.578381,1260.8809,0.0
1.0,1.0,1.0,0.0,0.0,0.0,1.0,1.139884E8,1.139884E8,1.13988416E8,1.13988416E8,1.13988464E8,1.13988496E8,63.991837,-22.605427,146.22954,0.099539,4.950422,180.01291,79.11673,2.570467,-0.115572,-5.2E-5,7.392841,282.30396,106.02159,12.0,40.0,0.0,0.0,110.000145,110.0,146.22954,6.2E-5,-0.005602,282.91257,304.21484,-0.015059,-1.586045,1218.7625,0.0
1.0,1.0,1.0,0.0,0.0,0.0,1.0,1.139884E8,1.139884E8,1.13988416E8,1.13988416E8,1.13988464E8,1.13988496E8,63.991837,-22.605427,146.22955,0.101706,4.950349,180.01308,74.44763,2.444088,0.173731,1.8E-5,0.255124,263.59903,87.316666,12.0,40.0,0.0,0.0,90.000145,90.0,146.22955,5.5E-5,0.001409,282.91257,274.71817,-0.016269,-1.814821,-560.6442,0.0
1.0,1.0,1.0,0.0,0.0,0.0,1.0,1.139884E8,1.139884E8,1.13988416E8,1.13988416E8,1.13988464E8,1.13988496E8,63.991837,-22.605427,146.22955,0.101764,4.950327,180.01309,74.09133,2.4356,0.12976,1.3E-5,3.604076,263.25726,86.97492,12.0,40.0,0.0,0.0,90.000145,90.0,146.22955,5.5E-5,7.72E-4,282.91257,272.47995,-0.016318,-1.828977,-555.1142,0.0
1.0,1.0,1.0,0.0,0.0,0.0,1.0,1.139884E8,1.139884E8,1.13988416E8,1.13988416E8,1.13988464E8,1.13988496E8,63.991837,-22.605427,146.22955,0.101849,4.9503,180.01309,73.516174,2.422208,-0.092868,-8.0E-6,5.788769,262.12515,85.842804,12.0,40.0,0.0,0.0,90.000145,90.0,146.22955,5.4E-5,-5.37E-4,282.91257,268.8803,-0.016419,-1.851021,-608.3281,0.0
-1.0,-1.0,-1.0,0.0,0.0,0.0,-1.0,1.139884E8,1.139884E8,1.13988416E8,1.13988416E8,1.13988464E8,1.13988496E8,63.991837,-22.605427,146.22955,0.101907,4.950291,180.01309,73.08064,2.41232,-0.404838,-2.8E-5,6.50329,261.05054,84.768196,12.0,40.0,0.0,0.0,90.000145,90.0,146.22955,5.3E-5,-5.03E-4,282.91257,266.16745,-0.01651,-1.867077,-663.0856,0.0
-1.0,-1.0,-1.0,0.0,0.0,0.0,-1.0,1.139884E8,1.139884E8,1.13988416E8,1.13988416E8,1.13988464E8,1.13988496E8,63.991837,-22.605427,146.22955,0.10189,4.950306,180.01309,72.64134,2.402425,-0.474095,-1.07E-4,6.910169,259.8366,83.55427,12.0,40.0,0.0,0.0,90.000145,90.0,146.22955,5.3E-5,-0.005703,282.91257,263.445,-0.016618,-1.882736,-721.7959,0.0
1.0,1.0,1.0,0.0,0.0,0.0,1.0,1.139884E8,1.139884E8,1.13988416E8,1.13988416E8,1.13988464E8,1.13988496E8,63.991837,-22.605427,146.22954,0.101651,4.950392,180.01308,72.19877,2.392643,-0.295561,-1.62E-4,7.141618,258.54004,82.25769,12.0,40.0,0.0,0.0,80.000145,80.0,146.22954,5.2E-5,-0.010768,282.91257,260.7144,-0.016876,-1.898008,-778.85004,0.0
1.0,1.0,1.0,0.0,0.0,0.0,1.0,1.139884E8,1.139884E8,1.13988416E8,1.13988416E8,1.13988464E8,1.13988496E8,63.991837,-22.605427,146.22954,0.101326,4.950534,180.01305,71.753265,2.383307,-0.16832,-6.0E-5,7.27564,257.1944,80.912056,12.0,40.0,0.0,0.0,80.000145,80.0,146.22954,5.2E-5,-0.004696,282.91257,257.97705,-0.016863,-1.912902,-832.1825,0.0
-1.0,-1.0,1.0,0.0,0.0,0.0,1.0,1.139884E8,1.139884E8,1.13988416E8,1.13988416E8,1.13988464E8,1.13988496E8,63.991837,-22.605427,146.22954,0.101231,4.950644,180.01305,71.30381,2.374225,0.009239,1.0E-6,7.354273,255.81969,79.53733,12.0,40.0,0.0,0.0,80.000145,80.0,146.22954,5.1E-5,0.001073,282.91257,255.2344,-0.016713,-1.927427,-881.2666,0.0
-1.0,-1.0,1.0,0.0,0.0,0.0,1.0,1.139884E8,1.139884E8,1.13988416E8,1.13988416E8,1.13988464E8,1.13988496E8,63.991837,-22.605427,146.22954,0.101272,4.950698,180.01305,70.8494,2.365,-0.670738,-7.5E-5,7.400859,254.42769,78.14533,12.0,40.0,0.0,0.0,80.000145,80.0,146.22954,5.1E-5,-0.005334,282.91257,252.4879,-0.016767,-1.941593,-926.20593,0.0
-1.0,-1.0,-1.0,0.0,0.0,0.0,-1.0,1.139884E8,1.139884E8,1.13988416E8,1.13988416E8,1.13988464E8,1.13988496E8,63.991837,-22.605427,146.22954,0.101128,4.950755,180.01303,70.39137,2.355794,-0.34819,-1.54E-4,7.428717,253.02545,76.7431,12.0,40.0,0.0,0.0,80.000145,80.0,146.22954,5.0E-5,-0.009024,282.91257,249.7389,-0.017007,-1.955409,-967.3367,0.0
-1.0,-1.0,-1.0,0.0,0.0,0.0,-1.0,1.139884E8,1.139884E8,1.13988416E8,1.13988416E8,1.13988464E8,1.13988496E8,63.991837,-22.605427,146.22952,0.100729,4.950863,180.013,69.93083,2.346736,-0.28068,-2.21E-4,7.44556,251.61714,75.334785,12.0,40.0,0.0,0.0,80.000145,80.0,146.22952,5.0E-5,-0.014156,282.91257,246.98885,-0.017128,-1.968883,-1005.0564,0.0
-1.0,1.0,1.0,0.0,0.0,0.0,1.0,1.139884E8,1.139884E8,1.13988416E8,1.13988416E8,1.13988464E8,1.13988496E8,63.991837,-22.605427,146.2295,0.100181,4.951052,180.01295,69.468056,2.337996,-0.23315,-1.97E-4,7.455894,250.20522,73.92286,12.0,40.0,0.0,0.0,80.000145,80.0,146.2295,4.9E-5,-0.015095,282.91257,244.23909,-0.017204,-1.982023,-1039.7522,0.0
-1.0,1.0,1.0,0.0,0.0,0.0,1.0,1.139884E8,1.139884E8,1.13988416E8,1.13988416E8,1.13988464E8,1.13988496E8,63.991837,-22.605427,146.2295,0.099657,4.951276,180.01292,69.0005,2.329498,-0.113688,-8.5E-5,7.46237,248.79114,72.50879,12.0,40.0,0.0,0.0,80.000145,80.0,146.2295,4.9E-5,-0.005535,282.91257,241.49101,-0.017193,-1.994838,-1071.7743,0.0
1.0,1.0,1.0,0.0,0.0,0.0,1.0,1.139884E8,1.139884E8,1.13988416E8,1.13988416E8,1.13988464E8,1.13988496E8,63.991837,-22.605427,146.2295,0.099184,4.951438,180.01288,68.52842,2.321186,0.012552,8.0E-6,7.466553,247.3758,71.093445,12.0,40.0,0.0,0.0,70.000145,70.0,146.2295,4.8E-5,-7.04E-4,282.91257,238.74593,-0.017174,-2.007336,-1101.4293,0.0
1.0,1.0,1.0,0.0,0.0,0.0,1.0,1.139884E8,1.139884E8,1.13988416E8,1.13988416E8,1.13988464E8,1.13988496E8,63.991837,-22.605427,146.2295,0.098857,4.951498,180.01286,68.05432,2.313186,0.20805,4.7E-5,7.469373,245.95969,69.67734,12.0,40.0,0.0,0.0,70.000145,70.0,146.2295,4.8E-5,0.007279,282.91257,236.00522,-0.017081,-2.019526,-1128.9816,0.0
-1.0,-1.0,-1.0,0.0,0.0,0.0,-1.0,1.139884E8,1.139884E8,1.13988416E8,1.13988416E8,1.13988464E8,1.13988496E8,63.991837,-22.605427,146.2295,0.098837,4.951468,180.01285,67.57803,2.305362,0.267196,5.9E-5,7.471382,244.54314,68.26079,12.0,40.0,0.0,0.0,70.000145,70.0,146.2295,4.7E-5,0.006944,282.91257,233.27017,-0.016848,-2.031413,-1154.6578,0.0
-1.0,-1.0,-1.0,0.0,0.0,0.0,-1.0,1.139884E8,1.139884E8,1.13988416E8,1.13988416E8,1.13988464E8,1.13988496E8,63.991837,-22.605427,146.2295,0.098982,4.951415,180.01286,67.0973,2.297388,-0.220737,-2.6E-5,7.472914,243.12631,66.84397,12.0,40.0,0.0,0.0,70.000145,70.0,146.2295,4.7E-5,-0.001141,282.91257,230.5421,-0.016874,-2.043006,-1178.6525,0.0
1.0,1.0,1.0,0.0,0.0,0.0,1.0,1.139884E8,1.139884E8,1.13988416E8,1.13988416E8,1.13988464E8,1.13988496E8,63.991837,-22.605427,146.2295,0.098977,4.951419,180.01286,66.61328,2.289467,-0.474472,-8.7E-5,7.474168,241.70934,65.426994,12.0,40.0,0.0,0.0,70.000145,70.0,146.2295,4.6E-5,-0.004998,282.91257,227.8223,-0.017051,-2.054313,-1201.1322,0.0
1.0,1.0,1.0,0.0,0.0,0.0,1.0,1.139884E8,1.139884E8,1.13988416E8,1.13988416E8,1.13988464E8,1.13988496E8,63.991837,-22.605427,146.2295,0.098887,4.951485,180.01286,66.126816,2.281961,-0.039234,-3.0E-6,7.475255,240.29227,64.00992,12.0,40.0,0.0,0.0,70.000145,70.0,146.2295,4.6E-5,6.04E-4,282.91257,225.11203,-0.017031,-2.06534,-1222.2416,0.0
-1.0,-1.0,-1.0,0.0,0.0,0.0,-1.0,1.139884E8,1.139884E8,1.13988416E8,1.13988416E8,1.13988464E8,1.13988496E8,63.991837,-22.605427,146.2295,0.098981,4.951516,180.01286,65.63676,2.274722,0.128946,3.9E-5,7.476228,238.87514,62.59278,12.0,40.0,0.0,0.0,70.000145,70.0,146.2295,4.5E-5,0.002885,282.91257,222.41257,-0.016876,-2.076093,-1242.1052,0.0
-1.0,-1.0,-1.0,0.0,0.0,0.0,-1.0,1.139884E8,1.139884E8,1.13988416E8,1.13988416E8,1.13988464E8,1.13988496E8,63.991837,-22.605427,146.2295,0.099187,4.951497,180.01288,65.14239,2.267405,-0.089523,-1.6E-5,7.477135,237.45796,61.175606,12.0,40.0,0.0,0.0,60.00014,60.0,146.2295,4.5E-5,-1.68E-4,282.91257,219.72513,-0.01691,-2.086581,-1260.8319,0.0
1.0,1.0,1.0,0.0,0.0,0.0,1.0,1.139884E8,1.139884E8,1.13988416E8,1.13988416E8,1.13988464E8,1.13988496E8,63.991837,-22.605427,146.2295,0.099228,4.951519,180.01288,64.645134,2.260146,-0.487149,-7.1E-5,7.478008,236.04077,59.758415,12.0,40.0,0.0,0.0,60.00014,60.0,146.2295,4.4E-5,-0.00587,282.91257,217.05095,-0.017097,-2.09681,-1278.5167,0.0
1.0,1.0,1.0,0.0,0.0,0.0,1.0,1.139884E8,1.139884E8,1.13988416E8,1.13988416E8,1.13988464E8,1.13988496E8,63.991837,-22.605427,146.22949,0.099173,4.951594,180.01288,64.14581,2.253299,-0.173551,-1.7E-5,7.478858,234.62355,58.341206,12.0,40.0,0.0,0.0,60.00014,60.0,146.22949,4.4E-5,-6.71E-4,282.91257,214.3912,-0.017079,-2.106785,-1295.2439,0.0
-1.0,-1.0,1.0,0.0,0.0,0.0,1.0,1.139884E8,1.139884E8,1.13988416E8,1.13988416E8,1.13988464E8,1.13988496E8,63.991837,-22.605427,146.22949,0.099285,4.951628,180.0129,63.64318,2.246736,0.163452,5.2E-5,7.479684,233.20633,56.92398,12.0,40.0,0.0,0.0,60.00014,60.0,146.22949,4.4E-5,0.002717,282.91257,211.7471,-0.016932,-2.116513,-1311.0878,0.0
-1.0,-1.0,1.0,0.0,0.0,0.0,1.0,1.139884E8,1.139884E8,1.13988416E8,1.13988416E8,1.13988464E8,1.13988496E8,63.991837,-22.605427,146.2295,0.09949,4.951601,180.01291,63.135864,2.240093,-0.156907,-2.6E-5,7.480493,231.78911,55.506752,12.0,40.0,0.0,0.0,60.00014,60.0,146.2295,4.3E-5,-0.002617,282.91257,209.11978,-0.016975,-2.126001,-1326.1143,0.0
-1.0,-1.0,-1.0,0.0,0.0,0.0,-1.0,1.139884E8,1.139884E8,1.13988416E8,1.13988416E8,1.13988464E8,1.13988496E8,63.991837,-22.605427,146.22949,0.099502,4.951594,180.01291,62.625736,2.233503,-0.570942,-1.16E-4,7.4813,230.37187,54.089516,12.0,40.0,0.0,0.0,60.00014,60.0,146.22949,4.3E-5,-0.006407,282.91257,206.5104,-0.017183,-2.135255,-1340.3824,0.0
-1.0,-1.0,-1.0,0.0,0.0,0.0,-1.0,1.139884E8,1.139884E8,1.13988416E8,1.13988416E8,1.13988464E8,1.13988496E8,63.991837,-22.605427,146.22949,0.09934,4.951676,180.0129,62.115494,2.227207,-0.466821,-1.64E-4,7.482105,228.95462,52.672276,12.0,40.0,0.0,0.0,60.00014,60.0,146.22949,4.2E-5,-0.01003,282.91257,203.92007,-0.017212,-2.144279,-1353.9456,0.0
1.0,1.0,1.0,0.0,0.0,0.0,1.0,1.139884E8,1.139884E8,1.13988416E8,1.13988416E8,1.13988464E8,1.13988496E8,63.991837,-22.605427,146.22948,0.099171,4.951873,180.01288,61.602875,2.221168,-0.343852,-1.39E-4,7.482902,227.53738,51.255028,12.0,40.0,0.0,0.0,50.00014,50.0,146.22948,4.2E-5,-0.009426,282.91257,201.3499,-0.017201,-2.15308,-1366.8514,0.0
1.0,1.0,1.0,0.0,0.0,0.0,1.0,1.139884E8,1.139884E8,1.13988416E8,1.13988416E8,1.13988464E8,1.13988496E8,63.991837,-22.605427,146.22948,0.099112,4.952114,180.01288,61.086716,2.215468,-0.17228,-5.4E-5,7.483686,226.12012,49.83777,12.0,40.0,0.0,0.0,50.00014,50.0,146.22948,4.1E-5,-0.003724,282.91257,198.80095,-0.01713,-2.161663,-1379.1436,0.0
1.0,1.0,1.0,0.0,0.0,0.0,1.0,1.139884E8,1.139884E8,1.13988416E8,1.13988416E8,1.13988464E8,1.13988496E8,63.991837,-22.605427,146.22948,0.099277,4.952276,180.0129,60.566826,2.210021,0.117312,5.4E-5,7.484455,224.70285,48.420506,12.0,40.0,0.0,0.0,50.00014,50.0,146.22948,4.1E-5,7.72E-4,282.91257,196.27429,-0.016966,-2.170034,-1390.861,0.0
1.0,1.0,1.0,0.0,0.0,0.0,1.0,1.139884E8,1.139884E8,1.13988416E8,1.13988416E8,1.13988464E8,1.13988496E8,63.991837,-22.605427,146.22948,0.099696,4.952303,180.01292,60.043983,2.204756,0.140694,1.1E-4,7.485211,223.28558,47.00324,12.0,40.0,0.0,0.0,50.00014,50.0,146.22948,4.1E-5,0.007145,282.91257,193.77097,-0.016878,-2.178197,-1402.0394,0.0
-1.0,-1.0,-1.0,0.0,0.0,0.0,-1.0,1.139884E8,1.139884E8,1.13988416E8,1.13988416E8,1.13988464E8,1.13988496E8,63.991837,-22.605427,146.22948,0.10028,4.95221,180.01297,59.5175,2.199503,0.096671,8.1E-5,7.561049,221.86832,45.58597,12.0,40.0,0.0,0.0,50.00014,50.0,146.22948,4.0E-5,0.006474,282.91257,191.29196,-0.016863,-2.186159,-1412.7115,0.0
-1.0,-1.0,-1.0,0.0,0.0,0.0,-1.0,1.139884E8,1.139884E8,1.13988416E8,1.13988416E8,1.13988464E8,1.13988496E8,63.991837,-22.605427,146.22948,0.100797,4.952083,180.01302,58.98817,2.194231,0.019706,1.1E-5,7.569948,220.45105,44.168705,12.0,40.0,0.0,0.0,50.00014,50.0,146.22948,4.0E-5,0.003824,282.91257,188.8383,-0.01695,-2.193924,-1422.9071,0.0
1.0,1.0,1.0,0.0,0.0,0.0,1.0,1.139884E8,1.139884E8,1.13988416E8,1.13988416E8,1.13988464E8,1.13988496E8,63.991837,-22.605427,146.22948,0.10107,4.952031,180.01303,58.45713,2.189073,-0.215851,-4.4E-5,7.573371,219.03378,42.751434,12.0,40.0,0.0,0.0,50.00014,50.0,146.22948,3.9E-5,-0.00312,282.91257,186.41095,-0.017192,-2.201496,-1432.6539,0.0
1.0,1.0,1.0,0.0,0.0,0.0,1.0,1.139884E8,1.139884E8,1.13988416E8,1.13988416E8,1.13988464E8,1.13988496E8,63.991837,-22.605427,146.22948,0.101209,4.95206,180.01305,57.92508,2.184363,0.08132,2.2E-5,7.576376,217.61652,41.334164,12.0,40.0,0.0,0.0,40.00014,40.0,146.22948,3.9E-5,4.03E-4,282.91257,184.01083,-0.017198,-2.208882,-1441.9775,0.0
-1.0,-1.0,-1.0,0.0,0.0,0.0,-1.0,1.139884E8,1.139884E8,1.13988416E8,1.13988416E8,1.13988464E8,1.13988496E8,63.991837,-22.605427,146.22948,0.101474,4.952046,180.01306,57.39039,2.17995,0.10083,5.0E-5,7.579371,216.19923,39.91688,12.0,40.0,0.0,0.0,40.00014,40.0,146.22948,3.9E-5,0.004797,282.91257,181.6389,-0.017105,-2.216084,-1450.9015,0.0
-1.0,-1.0,-1.0,0.0,0.0,0.0,-1.0,1.139884E8,1.139884E8,1.13988416E8,1.13988416E8,1.13988464E8,1.13988496E8,63.991837,-22.605427,146.22948,0.101799,4.951977,180.01309,56.852203,2.175504,-0.001086,-0.0,7.582376,214.78195,38.4996,12.0,40.0,0.0,0.0,40.00014,40.0,146.22948,3.8E-5,0.001241,282.91257,179.29605,-0.017154,-2.223109,-1459.447,0.0
1.0,1.0,1.0,0.0,0.0,0.0,1.0,1.139884E8,1.139884E8,1.13988416E8,1.13988416E8,1.13988464E8,1.13988496E8,63.991837,-22.605427,146.22948,0.101947,4.951967,180.0131,56.312256,2.17114,-0.654478,-6.8E-5,7.585396,213.36467,37.082314,12.0,40.0,0.0,0.0,40.00014,40.0,146.22948,3.8E-5,-0.004428,282.91257,176.98314,-0.017362,-2.229959,-1467.6345,0.0
1.0,1.0,1.0,0.0,0.0,0.0,1.0,1.139884E8,1.139884E8,1.13988416E8,1.13988416E8,1.13988464E8,1.13988496E8,63.991837,-22.605427,146.22948,0.101963,4.952011,180.0131,55.95198,2.168471,-0.213707,-2.5E-5,7.587426,212.4198,36.137455,12.0,40.0,0.0,0.0,40.00014,40.0,146.22948,3.8E-5,-0.002281,282.91257,175.45827,-0.017363,-2.234432,-1472.9032,0.0
-1.0,1.0,1.0,0.0,0.0,0.0,1.0,1.139884E8,1.139884E8,1.13988416E8,1.13988416E8,1.13988464E8,1.13988496E8,63.991837,-22.605427,146.22948,0.102157,4.952045,180.01312,55.228577,2.163586,0.177721,7.0E-5,7.549991,210.4853,34.202957,12.0,40.0,0.0,0.0,40.00014,40.0,146.22948,3.7E-5,0.005032,282.91257,172.45059,-0.017256,-2.243156,-1484.8339,0.0
-1.0,1.0,1.0,0.0,0.0,0.0,1.0,1.139884E8,1.139884E8,1.13988416E8,1.13988416E8,1.13988464E8,1.13988496E8,63.991837,-22.605427,146.22949,0.102407,4.951956,180.01314,54.680645,2.159956,0.22951,6.8E-5,7.550801,209.08621,32.803864,12.0,40.0,0.0,0.0,40.00014,40.0,146.22949,3.7E-5,0.004629,282.91257,170.23256,-0.017308,-2.249511,-1491.2131,0.0
-1.0,-1.0,-1.0,0.0,0.0,0.0,-1.0,1.139884E8,1.139884E8,1.13988416E8,1.13988416E8,1.13988464E8,1.13988496E8,63.991837,-22.605427,146.22949,0.102472,4.951812,180.01314,54.13009,2.156414,0.154088,3.8E-5,7.570208,207.67972,31.397364,12.0,40.0,0.0,0.0,30.000143,30.0,146.22949,3.6E-5,0.004394,282.91257,168.04778,-0.017518,-2.255708,-1497.6499,0.0
-1.0,-1.0,-1.0,0.0,0.0,0.0,-1.0,1.139884E8,1.139884E8,1.13988416E8,1.13988416E8,1.13988464E8,1.13988496E8,63.991837,-22.605427,146.22949,0.102293,4.951678,180.01312,53.579884,2.153034,-0.086682,-3.8E-5,7.584431,206.26881,29.986471,12.0,40.0,0.0,0.0,30.000143,30.0,146.22949,3.6E-5,-3.35E-4,282.91257,165.89696,-0.017621,-2.261752,-1504.0155,0.0
1.0,1.0,1.0,0.0,0.0,0.0,1.0,1.139884E8,1.139884E8,1.13988416E8,1.13988416E8,1.13988464E8,1.13988496E8,63.991837,-22.605427,146.22949,0.101963,4.951659,180.0131,53.03181,2.149944,-0.210453,-1.0E-4,7.594265,204.85532,28.572966,12.0,40.0,0.0,0.0,30.000143,30.0,146.22949,3.6E-5,-0.005434,282.91257,163.78087,-0.017686,-2.267647,-1510.239,0.0
1.0,1.0,1.0,0.0,0.0,0.0,1.0,1.139884E8,1.139884E8,1.13988416E8,1.13988416E8,1.13988464E8,1.13988496E8,63.991837,-22.605427,146.22948,0.101699,4.951748,180.01308,52.482643,2.147258,-0.101874,-2.4E-5,7.601415,203.44026,27.157904,12.0,40.0,0.0,0.0,30.000143,30.0,146.22948,3.5E-5,-0.002415,282.91257,161.70018,-0.017621,-2.273395,-1516.2832,0.0
-1.0,-1.0,-1.0,0.0,0.0,0.0,-1.0,1.139884E8,1.139884E8,1.13988416E8,1.13988416E8,1.13988464E8,1.13988496E8,63.991837,-22.605427,146.22948,0.101659,4.95179,180.01308,51.930786,2.144854,0.243874,2.8E-5,7.606979,202.02426,25.741919,12.0,40.0,0.0,0.0,30.000143,30.0,146.22948,3.5E-5,0.001677,282.91257,159.65561,-0.017449,-2.279002,-1522.1305,0.0
-1.0,-1.0,-1.0,0.0,0.0,0.0,-1.0,1.139884E8,1.139884E8,1.13988416E8,1.13988416E8,1.13988464E8,1.13988496E8,63.991837,-22.605427,146.22949,0.101738,4.951764,180.01309,51.37573,2.142411,-0.488556,-1.8E-5,7.611596,200.60774,24.325386,12.0,40.0,0.0,0.0,30.000143,30.0,146.22949,3.5E-5,-9.39E-4,282.91257,157.6478,-0.017469,-2.284469,-1527.7743,0.0
-1.0,-1.0,-1.0,0.0,0.0,0.0,-1.0,1.139884E8,1.139884E8,1.13988416E8,1.13988416E8,1.13988464E8,1.13988496E8,63.991837,-22.605427,146.22948,0.101691,4.9518,180.01308,50.81986,2.140037,-0.323856,-8.9E-5,7.585728,199.0973,22.814949,12.0,40.0,0.0,0.0,30.000143,30.0,146.22948,3.4E-5,-0.007648,282.91257,155.67737,-0.017623,-2.289802,-1536.985,0.0
-1.0,-1.0,-1.0,0.0,0.0,0.0,-1.0,1.139884E8,1.139884E8,1.13988416E8,1.13988416E8,1.13988464E8,1.13988496E8,63.991837,-22.605427,146.22948,0.101514,4.951998,180.01306,50.26572,2.137907,-0.310299,-1.65E-4,7.532457,197.7183,21.435953,12.0,40.0,0.0,0.0,20.000143,20.0,146.22948,3.4E-5,-0.012915,282.91257,153.74495,-0.017652,-2.295002,-1540.5299,0.0
1.0,1.0,1.0,0.0,0.0,0.0,1.0,1.139884E8,1.139884E8,1.13988416E8,1.13988416E8,1.13988464E8,1.13988496E8,63.991837,-22.605427,146.22946,0.101332,4.952368,180.01305,49.710247,2.136077,-0.203512,-1.3E-4,7.565847,196.3237,20.041357,12.0,40.0,0.0,0.0,20.000143,20.0,146.22946,3.4E-5,-0.010869,282.91257,151.85114,-0.017639,-2.300074,-1544.5793,0.0
1.0,1.0,1.0,0.0,0.0,0.0,1.0,1.139884E8,1.139884E8,1.13988416E8,1.13988416E8,1.13988464E8,1.13988496E8,63.991837,-22.605427,146.22946,0.101238,4.952774,180.01305,49.15278,2.134632,-0.071484,-3.5E-5,7.592162,194.91985,18.637503,12.0,40.0,0.0,0.0,20.000143,20.0,146.22946,3.3E-5,-0.006575,282.91257,149.99644,-0.017582,-2.305021,-1548.8547,0.0
-1.0,-1.0,-1.0,0.0,0.0,0.0,-1.0,1.139884E8,1.139884E8,1.13988416E8,1.13988416E8,1.13988464E8,1.13988496E8,63.991837,-22.605427,146.22946,0.101352,4.953044,180.01306,48.593143,2.133464,0.040758,1.6E-5,7.609542,193.5105,17.228155,12.0,40.0,0.0,0.0,20.000143,20.0,146.22946,3.3E-5,-0.001208,282.91257,148.18144,-0.017428,-2.309844,-1553.194,0.0
-1.0,-1.0,-1.0,0.0,0.0,0.0,-1.0,1.139884E8,1.139884E8,1.13988416E8,1.13988416E8,1.13988464E8,1.13988496E8,63.991837,-22.605427,146.22946,0.101559,4.953177,180.01308,48.0313,2.132239,-0.184216,-5.0E-5,7.62124,192.0979,15.81555,12.0,40.0,0.0,0.0,20.000143,20.0,146.22946,3.3E-5,-0.003958,282.91257,146.40662,-0.01746,-2.314549,-1557.5038,0.0
1.0,1.0,1.0,0.0,0.0,0.0,1.0,1.139884E8,1.139884E8,1.13988416E8,1.13988416E8,1.13988464E8,1.13988496E8,63.991837,-22.605427,146.22945,0.101615,4.953355,180.01308,47.469734,2.131089,-0.255072,-9.1E-5,7.629545,190.68336,14.401011,12.0,40.0,0.0,0.0,20.000143,20.0,146.22945,3.2E-5,-0.00691,282.91257,144.67247,-0.017615,-2.319137,-1561.7323,0.0
1.0,1.0,1.0,0.0,0.0,0.0,1.0,1.139884E8,1.139884E8,1.13988416E8,1.13988416E8,1.13988464E8,1.13988496E8,63.991837,-22.605427,146.22945,0.101582,4.953603,180.01308,46.908974,2.130374,-0.075721,-2.2E-5,7.63587,189.26767,12.98532,12.0,40.0,0.0,0.0,20.000143,20.0,146.22945,3.2E-5,-0.00369,282.91257,142.97945,-0.017602,-2.323612,-1565.8513,0.0
-1.0,-1.0,-1.0,0.0,0.0,0.0,-1.0,1.139884E8,1.139884E8,1.13988416E8,1.13988416E8,1.13988464E8,1.13988496E8,63.991837,-22.605427,146.22945,0.101697,4.953743,180.01308,46.347473,2.130003,0.150581,4.6E-5,7.641041,187.8513,11.568945,12.0,40.0,0.0,0.0,10.000142,10.0,146.22945,3.2E-5,0.003153,282.91257,141.32799,-0.017465,-2.327976,-1569.8466,0.0
-1.0,-1.0,-1.0,0.0,0.0,0.0,-1.0,1.139884E8,1.139884E8,1.13988416E8,1.13988416E8,1.13988464E8,1.13988496E8,63.991837,-22.605427,146.22945,0.101897,4.953761,180.0131,45.784172,2.129585,-0.146413,-2.7E-5,7.645509,186.43451,10.152164,12.0,40.0,0.0,0.0,10.000142,10.0,146.22945,3.1E-5,-0.002986,282.91257,139.7185,-0.017497,-2.332232,-1573.7122,0.0
1.0,-1.0,-1.0,0.0,0.0,0.0,-1.0,1.139884E8,1.139884E8,1.13988416E8,1.13988416E8,1.13988464E8,1.13988496E8,63.991837,-22.605427,146.22945,0.101938,4.95385,180.0131,45.221664,2.129226,-0.35222,-9.9E-5,7.649559,185.01749,8.735143,12.0,40.0,0.0,0.0,10.000142,10.0,146.22945,3.1E-5,-0.007413,282.91257,138.15137,-0.017666,-2.336383,-1577.4467,0.0
1.0,-1.0,-1.0,0.0,0.0,0.0,-1.0,1.139884E8,1.139884E8,1.13988416E8,1.13988416E8,1.13988464E8,1.13988496E8,63.991837,-22.605427,146.22943,0.101898,4.954083,180.0131,44.66282,2.129262,-0.229733,-9.6E-5,7.653383,183.60033,7.317973,12.0,40.0,0.0,0.0,10.000142,10.0,146.22943,3.1E-5,-0.007078,282.91257,136.62695,-0.017639,-2.340431,-1581.0518,0.0
1.0,1.0,1.0,0.0,0.0,0.0,1.0,1.139884E8,1.139884E8,1.13988416E8,1.13988416E8,1.13988464E8,1.13988496E8,63.991837,-22.605427,146.22943,0.102028,4.954391,180.0131,44.10491,2.129616,-0.096007,-5.6E-5,7.657089,182.18306,5.900711,12.0,40.0,0.0,0.0,10.000142,10.0,146.22943,3.0E-5,-0.008957,282.91257,135.14558,-0.017497,-2.344379,-1584.5304,0.0
1.0,1.0,1.0,0.0,0.0,0.0,1.0,1.139884E8,1.139884E8,1.13988416E8,1.13988416E8,1.13988464E8,1.13988496E8,63.991837,-22.605427,146.22943,0.102386,4.954672,180.01314,43.544407,2.130259,0.056858,4.0E-5,7.660746,180.76575,4.483394,12.0,40.0,0.0,0.0,10.000142,10.0,146.22943,3.0E-5,-6.04E-4,282.91257,133.70757,-0.017423,-2.348229,-1587.8861,0.0
1.0,-1.0,-1.0,0.0,0.0,0.0,-1.0,1.139884E8,1.139884E8,1.13988416E8,1.13988416E8,1.13988464E8,1.13988496E8,63.991837,-22.605427,146.22943,0.102869,4.95477,180.01318,42.979836,2.131053,0.135692,9.3E-5,7.664388,179.34839,3.066044,12.0,40.0,0.0,0.0,10.000142,10.0,146.22943,3.0E-5,0.00416,282.91257,132.3132,-0.01743,-2.351984,-1591.1228,0.0
1.0,-1.0,-1.0,0.0,0.0,0.0,-1.0,1.139884E8,1.139884E8,1.13988416E8,1.13988416E8,1.13988464E8,1.13988496E8,63.991837,-22.605427,146.22943,0.103344,4.954704,180.01321,42.41808,2.131918,0.035046,2.3E-5,7.668001,177.93103,1.648677,12.0,40.0,0.0,0.0,1.42E-4,0.0,146.22943,3.0E-5,8.72E-4,282.91257,130.96272,-0.017455,-2.355646,-1594.2448,0.0
1.0,1.0,1.0,0.0,0.0,0.0,1.0,1.139884E8,1.139884E8,1.13988416E8,1.13988416E8,1.13988464E8,1.13988496E8,63.991837,-22.605427,146.22943,0.103799,4.9547,180.01326,41.859238,2.132876,-0.043663,-2.7E-5,7.67159,176.51364,0.231296,12.0,40.0,0.0,0.0,1.42E-4,0.0,146.22943,2.9E-5,-0.004629,282.91257,129.65639,-0.017512,-2.359218,-1597.256,0.0
1.0,1.0,1.0,0.0,0.0,0.0,1.0,1.139884E8,1.139884E8,1.13988416E8,1.13988416E8,1.13988464E8,1.13988496E8,63.991837,-22.605427,146.22943,0.104213,4.954798,180.01329,41.297832,2.134121,0.074512,4.0E-5,7.675206,175.15184,-1.130507,12.0,40.0,0.0,0.0,1.42E-4,0.0,146.22943,2.9E-5,2.68E-4,282.91257,128.39441,-0.017557,-2.362701,-1600.1608,0.0
1.0,-1.0,-1.0,0.0,0.0,0.0,-1.0,1.139884E8,1.139884E8,1.13988416E8,1.13988416E8,1.13988464E8,1.13988496E8,63.991837,-22.605427,146.22943,0.104554,4.954792,180.0133,40.73491,2.135656,0.179328,8.1E-5,7.678862,173.80087,-2.481477,12.0,40.0,0.0,0.0,1.42E-4,0.0,146.22943,2.9E-5,0.005703,282.91257,127.176956,-0.017656,-2.366098,-1602.963,0.0
1.0,-1.0,-1.0,0.0,0.0,0.0,-1.0,1.139884E8,1.139884E8,1.13988416E8,1.13988416E8,1.13988464E8,1.13988496E8,63.991837,-22.605427,146.22943,0.104833,4.954672,180.01334,40.176105,2.137302,0.019038,8.0E-6,7.682519,172.4499,-3.832451,12.0,40.0,0.0,0.0,1.42E-4,0.0,146.22943,2.8E-5,0.001946,282.91257,126.0042,-0.017694,-2.369411,-1605.6666,0.0
-1.0,-1.0,-1.0,0.0,0.0,0.0,-1.0,1.139884E8,1.139884E8,1.13988416E8,1.13988416E8,1.13988464E8,1.13988496E8,63.991837,-22.605427,146.22943,0.105098,4.954653,180.01335,39.62097,2.139051,-0.138433,-5.3E-5,7.686164,171.09892,-5.18343,12.0,40.0,0.0,0.0,1.42E-4,0.0,146.22943,2.8E-5,-0.004696,282.91257,124.8763,-0.017737,-2.372642,-1608.2753,0.0
-1.0,-1.0,-1.0,0.0,0.0,0.0,-1.0,1.139884E8,1.139884E8,1.13988416E8,1.13988416E8,1.13988464E8,1.13988496E8,63.991837,-22.605427,146.22943,0.105283,4.954819,180.01337,39.063103,2.140936,-0.210053,-7.5E-5,7.776249,169.6875,-6.594854,12.0,40.0,0.0,0.0,1.42E-4,0.0,146.22943,2.8E-5,-0.005803,282.91257,123.79335,-0.017826,-2.375793,-1613.2677,0.0
1.0,1.0,1.0,0.0,0.0,0.0,1.0,1.139884E8,1.139884E8,1.13988416E8,1.13988416E8,1.13988464E8,1.13988496E8,63.991837,-22.605427,146.22942,0.105238,4.955093,180.01337,38.504463,2.143064,-0.114496,-5.5E-5,7.644052,168.36108,-7.921263,12.0,40.0,0.0,0.0,-9.999858,-10.0,146.22942,2.8E-5,-0.008353,282.91257,122.75544,-0.018051,-2.378865,-1614.6067,0.0
1.0,1.0,1.0,0.0,0.0,0.0,1.0,1.139884E8,1.139884E8,1.13988416E8,1.13988416E8,1.13988464E8,1.13988496E8,63.991837,-22.605427,146.22942,0.105062,4.955378,180.01335,37.857407,2.146152,0.251423,4.8E-5,7.623473,166.71129,-9.57106,12.0,40.0,0.0,0.0,-9.999858,-10.0,146.22942,2.7E-5,0.001275,282.91257,121.60158,-0.017981,-2.382355,-1620.2056,0.0
-1.0,-1.0,-1.0,0.0,0.0,0.0,-1.0,1.139884E8,1.139884E8,1.13988416E8,1.13988416E8,1.13988464E8,1.13988496E8,63.991837,-22.605427,146.22942,0.105069,4.955405,180.01335,37.39655,2.148616,0.454734,8.8E-5,7.576165,165.63162,-10.650726,12.0,40.0,0.0,0.0,-9.999858,-10.0,146.22942,2.7E-5,0.006843,282.91257,120.815025,-0.017918,-2.384785,-1620.0782,0.0
-1.0,-1.0,-1.0,0.0,0.0,0.0,-1.0,1.139884E8,1.139884E8,1.13988416E8,1.13988416E8,1.13988464E8,1.13988496E8,63.991837,-22.605427,146.22943,0.105154,4.955277,180.01337,36.843575,2.151481,0.114381,1.9E-5,7.635397,164.30638,-11.975974,12.0,40.0,0.0,0.0,-9.999858,-10.0,146.22943,2.7E-5,0.00218,282.91257,119.912575,-0.017949,-2.387636,-1621.1368,0.0
1.0,1.0,1.0,0.0,0.0,0.0,1.0,1.139884E8,1.139884E8,1.13988416E8,1.13988416E8,1.13988464E8,1.13988496E8,63.991837,-22.605427,146.22943,0.105099,4.955231,180.01335,36.292904,2.15436,-0.16949,-3.9E-5,7.667871,162.97066,-13.311698,12.0,40.0,0.0,0.0,-9.999858,-10.0,146.22943,2.6E-5,-0.004093,282.91257,119.05531,-0.018113,-2.390416,-1622.5852,0.0
1.0,1.0,1.0,0.0,0.0,0.0,1.0,1.139884E8,1.139884E8,1.13988416E8,1.13988416E8,1.13988464E8,1.13988496E8,63.991837,-22.605427,146.22943,0.104968,4.955311,180.01335,35.74592,2.157701,0.326712,3.2E-5,7.68832,161.62871,-14.653642,12.0,40.0,0.0,0.0,-9.999858,-10.0,146.22943,2.6E-5,8.05E-4,282.91257,118.2432,-0.018094,-2.393127,-1624.2366,0.0
-1.0,-1.0,-1.0,0.0,0.0,0.0,-1.0,1.139884E8,1.139884E8,1.13988416E8,1.13988416E8,1.13988464E8,1.13988496E8,63.991837,-22.605427,146.22943,0.10499,4.955277,180.01335,35.20011,2.161391,0.318978,8.9E-5,7.702002,160.28307,-15.999278,12.0,40.0,0.0,0.0,-9.999858,-10.0,146.22943,2.6E-5,0.005501,282.91257,117.476204,-0.017973,-2.395771,-1625.9808,0.0
-1.0,-1.0,-1.0,0.0,0.0,0.0,-1.0,1.139884E8,1.139884E8,1.13988416E8,1.13988416E8,1.13988464E8,1.13988496E8,63.991837,-22.605427,146.22943,0.105109,4.955112,180.01335,34.65425,2.165019,0.082659,1.6E-5,7.711676,158.93524,-17.347103,12.0,40.0,0.0,0.0,-9.999858,-10.0,146.22943,2.6E-5,0.001946,282.91257,116.75426,-0.018002,-2.39835,-1627.7538,0.0
1.0,-1.0,-1.0,0.0,0.0,0.0,-1.0,1.139884E8,1.139884E8,1.13988416E8,1.13988416E8,1.13988464E8,1.13988496E8,63.991837,-22.605427,146.22943,0.105084,4.955067,180.01335,34.11082,2.16865,-0.315219,-7.1E-5,7.718964,157.58612,-18.69623,12.0,40.0,0.0,0.0,-19.999857,-20.0,146.22943,2.5E-5,-0.005703,282.91257,116.07726,-0.018167,-2.400865,-1629.5182,0.0
1.0,-1.0,-1.0,0.0,0.0,0.0,-1.0,1.139884E8,1.139884E8,1.13988416E8,1.13988416E8,1.13988464E8,1.13988496E8,63.991837,-22.605427,146.22943,0.104985,4.955239,180.01335,33.573902,2.172655,-0.167208,-6.1E-5,7.724871,156.23622,-20.046133,12.0,40.0,0.0,0.0,-19.999857,-20.0,146.22943,2.5E-5,-0.005065,282.91257,115.44511,-0.018139,-2.403318,-1631.2532,0.0
1.0,1.0,1.0,0.0,0.0,0.0,1.0,1.139884E8,1.139884E8,1.13988416E8,1.13988416E8,1.13988464E8,1.13988496E8,63.991837,-22.605427,146.22942,0.10507,4.955534,180.01335,33.03958,2.176959,-0.078665,-4.2E-5,7.729981,154.88585,-21.3965,12.0,40.0,0.0,0.0,-19.999857,-20.0,146.22942,2.5E-5,-0.007044,282.91257,114.85767,-0.017988,-2.40571,-1632.9471,0.0
1.0,1.0,1.0,0.0,0.0,0.0,1.0,1.139884E8,1.139884E8,1.13988416E8,1.13988416E8,1.13988464E8,1.13988496E8,63.991837,-22.605427,146.22942,0.105309,4.955815,180.01337,32.50181,2.181532,0.099556,4.3E-5,7.734651,153.5352,-22.747143,12.0,40.0,0.0,0.0,-19.999857,-20.0,146.22942,2.5E-5,-2.01E-4,282.91257,114.3148,-0.017977,-2.408042,-1634.5941,0.0
-1.0,-1.0,-1.0,0.0,0.0,0.0,-1.0,1.139884E8,1.139884E8,1.13988416E8,1.13988416E8,1.13988464E8,1.13988496E8,63.991837,-22.605427,146.22942,0.105556,4.955863,180.0134,31.963305,2.186357,0.291167,1.05E-4,7.739079,152.1844,-24.097948,12.0,40.0,0.0,0.0,-19.999857,-20.0,146.22942,2.4E-5,0.007581,282.91257,113.81631,-0.018015,-2.410318,-1636.1909,0.0
-1.0,-1.0,-1.0,0.0,0.0,0.0,-1.0,1.139884E8,1.139884E8,1.13988416E8,1.13988416E8,1.13988464E8,1.13988496E8,63.991837,-22.605427,146.22943,0.105709,4.955704,180.01341,31.427399,2.191121,0.14587,3.0E-5,7.743323,150.8335,-25.448849,12.0,40.0,0.0,0.0,-19.999857,-20.0,146.22943,2.4E-5,0.00265,282.91257,113.362015,-0.018097,-2.412536,-1637.7367,0.0
1.0,1.0,1.0,0.0,0.0,0.0,1.0,1.139884E8,1.139884E8,1.13988416E8,1.13988416E8,1.13988464E8,1.13988496E8,63.991837,-22.605427,146.22943,0.105653,4.95564,180.0134,30.896065,2.195909,-0.141765,-3.5E-5,7.74744,149.48254,-26.79981,12.0,40.0,0.0,0.0,-19.999857,-20.0,146.22943,2.4E-5,-0.003656,282.91257,112.9517,-0.018285,-2.4147,-1639.2318,0.0
1.0,1.0,1.0,0.0,0.0,0.0,1.0,1.139884E8,1.139884E8,1.13988416E8,1.13988416E8,1.13988464E8,1.13988496E8,63.991837,-22.605427,146.22943,0.105499,4.95572,180.01338,30.369888,2.201164,0.27715,3.5E-5,7.837386,148.0711,-28.21125,12.0,40.0,0.0,0.0,-29.999857,-30.0,146.22943,2.4E-5,0.001744,282.91257,112.58514,-0.018274,-2.416811,-1643.108,0.0
1.0,-1.0,-1.0,0.0,0.0,0.0,-1.0,1.139884E8,1.139884E8,1.13988416E8,1.13988416E8,1.13988464E8,1.13988496E8,63.991837,-22.605427,146.22943,0.105503,4.955671,180.01338,29.8464,2.206793,0.29335,9.2E-5,7.706592,146.74466,-29.537693,12.0,40.0,0.0,0.0,-29.999857,-30.0,146.22943,2.3E-5,0.007883,282.91257,112.26206,-0.01813,-2.418869,-1643.4363,0.0
1.0,-1.0,-1.0,0.0,0.0,0.0,-1.0,1.139884E8,1.139884E8,1.13988416E8,1.13988416E8,1.13988464E8,1.13988496E8,63.991837,-22.605427,146.22943,0.105673,4.955472,180.0134,29.326189,2.21239,0.078443,3.0E-5,7.722509,145.4082,-30.874147,12.0,40.0,0.0,0.0,-29.999857,-30.0,146.22943,2.3E-5,0.001308,282.91257,111.98221,-0.018101,-2.420876,-1644.1545,0.0
1.0,1.0,1.0,0.0,0.0,0.0,1.0,1.139884E8,1.139884E8,1.13988416E8,1.13988416E8,1.13988464E8,1.13988496E8,63.991837,-22.605427,146.22943,0.105909,4.955412,180.01343,28.809582,2.217978,-0.108691,-4.0E-5,7.741076,144.06581,-32.216545,12.0,40.0,0.0,0.0,-29.999857,-30.0,146.22943,2.3E-5,-0.004663,282.91257,111.745285,-0.018093,-2.422834,-1645.0865,0.0
1.0,1.0,1.0,0.0,0.0,0.0,1.0,1.139884E8,1.139884E8,1.13988416E8,1.13988416E8,1.13988464E8,1.13988496E8,63.991837,-22.605427,146.22943,0.106147,4.955529,180.01344,28.291878,2.223909,0.109944,3.5E-5,7.754382,142.71988,-33.56247,12.0,40.0,0.0,0.0,-29.999857,-30.0,146.22943,2.3E-5,1.34E-4,282.91257,111.55099,-0.018117,-2.424743,-1646.128,0.0
1.0,-1.0,-1.0,0.0,0.0,0.0,-1.0,1.139884E8,1.139884E8,1.13988416E8,1.13988416E8,1.13988464E8,1.13988496E8,63.991837,-22.605427,146.22943,0.106342,4.955517,180.01346,27.774666,2.230177,0.299867,9.9E-5,7.76405,141.37186,-34.910492,12.0,40.0,0.0,0.0,-29.999857,-30.0,146.22943,2.3E-5,0.006709,282.91257,111.39898,-0.018182,-2.426605,-1647.2177,0.0
1.0,-1.0,-1.0,0.0,0.0,0.0,-1.0,1.139884E8,1.139884E8,1.13988416E8,1.13988416E8,1.13988464E8,1.13988496E8,63.991837,-22.605427,146.22943,0.106503,4.955346,180.01347,27.263437,2.236452,0.067754,2.0E-5,7.771469,140.0226,-36.259754,12.0,40.0,0.0,0.0,-29.999857,-30.0,146.22943,2.2E-5,0.003086,282.91257,111.288925,-0.018203,-2.428421,-1648.3197,0.0
-1.0,-1.0,-1.0,0.0,0.0,0.0,-1.0,1.139884E8,1.139884E8,1.13988416E8,1.13988416E8,1.13988464E8,1.13988496E8,63.991837,-22.605427,146.22943,0.106673,4.955319,180.01349,26.757551,2.242726,-0.208747,-6.4E-5,7.777524,138.67259,-37.609753,12.0,40.0,0.0,0.0,-39.99986,-40.0,146.22943,2.2E-5,-0.00426,282.91257,111.22046,-0.018219,-2.430192,-1649.4136,0.0
-1.0,-1.0,-1.0,0.0,0.0,0.0,-1.0,1.139884E8,1.139884E8,1.13988416E8,1.13988416E8,1.13988464E8,1.13988496E8,63.991837,-22.605427,146.22943,0.106775,4.955554,180.01349,26.25034,2.24916,-0.14725,-7.1E-5,7.782811,137.32216,-38.960197,12.0,40.0,0.0,0.0,-39.99986,-40.0,146.22943,2.2E-5,-0.006843,282.91257,111.19319,-0.018301,-2.431919,-1650.4877,0.0
1.0,1.0,1.0,0.0,0.0,0.0,1.0,1.139884E8,1.139884E8,1.13988416E8,1.13988416E8,1.13988464E8,1.13988496E8,63.991837,-22.605427,146.22943,0.106642,4.955935,180.01347,25.744131,2.255847,-0.069618,-4.7E-5,7.787673,135.97145,-40.310905,12.0,40.0,0.0,0.0,-39.99986,-40.0,146.22943,2.2E-5,-0.005334,282.91257,111.20674,-0.018513,-2.433603,-1651.5354,0.0
1.0,1.0,1.0,0.0,0.0,0.0,1.0,1.139884E8,1.139884E8,1.13988416E8,1.13988416E8,1.13988464E8,1.13988496E8,63.991837,-22.605427,146.22943,0.106398,4.956289,180.01346,25.24454,2.26302,0.073744,2.8E-5,7.792325,134.62057,-41.661774,12.0,40.0,0.0,0.0,-39.99986,-40.0,146.22943,2.1E-5,6.37E-4,282.91257,111.26069,-0.018492,-2.435246,-1652.5536,0.0
-1.0,-1.0,-1.0,0.0,0.0,0.0,-1.0,1.139884E8,1.139884E8,1.13988416E8,1.13988416E8,1.13988464E8,1.13988496E8,63.991837,-22.605427,146.22943,0.106323,4.956357,180.01346,24.749165,2.270525,0.492904,1.05E-4,7.796868,133.26962,-43.012733,12.0,40.0,0.0,0.0,-39.99986,-40.0,146.22943,2.1E-5,0.00956,282.91257,111.3546,-0.018331,-2.436848,-1653.5405,0.0
-1.0,-1.0,-1.0,0.0,0.0,0.0,-1.0,1.139884E8,1.139884E8,1.13988416E8,1.13988416E8,1.13988464E8,1.13988496E8,63.991837,-22.605427,146.22943,0.106362,4.956172,180.01346,24.254423,2.277864,0.134146,3.2E-5,7.801293,131.9186,-44.36375,12.0,40.0,0.0,0.0,-39.99986,-40.0,146.22943,2.1E-5,0.003623,282.91257,111.48803,-0.018355,-2.438411,-1654.496,0.0
1.0,1.0,1.0,0.0,0.0,0.0,1.0,1.139884E8,1.139884E8,1.13988416E8,1.13988416E8,1.13988464E8,1.13988496E8,63.991837,-22.605427,146.22943,0.106255,4.956098,180.01344,23.763132,2.285125,-0.115725,-3.6E-5,7.805617,130.56755,-45.7148,12.0,40.0,0.0,0.0,-39.99986,-40.0,146.22943,2.1E-5,-0.003623,282.91257,111.66053,-0.018513,-2.439934,-1655.4198,0.0
1.0,1.0,1.0,0.0,0.0,0.0,1.0,1.139884E8,1.139884E8,1.13988416E8,1.13988416E8,1.13988464E8,1.13988496E8,63.991837,-22.605427,146.22943,0.106067,4.956198,180.01343,23.278152,2.292855,0.278555,4.4E-5,7.809956,129.21648,-47.06588,12.0,40.0,0.0,0.0,-39.99986,-40.0,146.22943,2.1E-5,0.001644,282.91257,111.87161,-0.018484,-2.44142,-1656.313,0.0
-1.0,-1.0,-1.0,0.0,0.0,0.0,-1.0,1.139884E8,1.139884E8,1.13988416E8,1.13988416E8,1.13988464E8,1.13988496E8,63.991837,-22.605427,146.22943,0.10606,4.956139,180.01343,22.796612,2.300959,0.305445,1.07E-4,7.81435,127.86538,-48.41697,12.0,40.0,0.0,0.0,-49.99986,-50.0,146.22943,2.0E-5,0.008353,282.91257,112.12079,-0.018321,-2.44287,-1657.1759,0.0
-1.0,-1.0,-1.0,0.0,0.0,0.0,-1.0,1.139884E8,1.139884E8,1.13988416E8,1.13988416E8,1.13988464E8,1.13988496E8,63.991837,-22.605427,146.22945,0.106158,4.955897,180.01344,22.315102,2.308909,0.081882,2.2E-5,7.818717,126.51428,-49.76807,12.0,40.0,0.0,0.0,-49.99986,-50.0,146.22945,2.0E-5,0.00483,282.91257,112.40756,-0.018353,-2.444283,-1658.0095,0.0
1.0,1.0,1.0,0.0,0.0,0.0,1.0,1.139884E8,1.139884E8,1.13988416E8,1.13988416E8,1.13988464E8,1.13988496E8,63.991837,-22.605427,146.22945,0.106096,4.955823,180.01344,21.83682,2.316783,-0.201385,-5.8E-5,7.823035,125.16317,-51.11918,12.0,40.0,0.0,0.0,-49.99986,-50.0,146.22945,2.0E-5,-0.003858,282.91257,112.731415,-0.018521,-2.445662,-1658.8147,0.0
1.0,1.0,1.0,0.0,0.0,0.0,1.0,1.139884E8,1.139884E8,1.13988416E8,1.13988416E8,1.13988464E8,1.13988496E8,63.991837,-22.605427,146.22945,0.105944,4.955959,180.01343,21.365305,2.32515,0.261971,4.0E-5,7.827406,123.81206,-52.470295,12.0,40.0,0.0,0.0,-49.99986,-50.0,146.22945,2.0E-5,0.001342,282.91257,113.09181,-0.01849,-2.447006,-1659.5924,0.0
-1.0,1.0,1.0,0.0,0.0,0.0,1.0,1.139884E8,1.139884E8,1.13988416E8,1.13988416E8,1.13988464E8,1.13988496E8,63.991837,-22.605427,146.22945,0.105975,4.955936,180.01343,20.897032,2.333919,0.361885,1.36E-4,7.831858,122.46093,-53.82142,12.0,40.0,0.0,0.0,-49.99986,-50.0,146.22945,2.0E-5,0.008051,282.91257,113.48821,-0.018324,-2.448317,-1660.3434,0.0
-1.0,1.0,1.0,0.0,0.0,0.0,1.0,1.139884E8,1.139884E8,1.13988416E8,1.13988416E8,1.13988464E8,1.13988496E8,63.991837,-22.605427,146.22946,0.106086,4.955566,180.01343,20.424957,2.342811,0.222953,1.91E-4,7.836357,121.10981,-55.172543,12.0,40.0,0.0,0.0,-49.99986,-50.0,146.22946,1.9E-5,0.015699,282.91257,113.92006,-0.018379,-2.449596,-1661.0686,0.0
-1.0,-1.0,-1.0,0.0,0.0,0.0,-1.0,1.139884E8,1.139884E8,1.13988416E8,1.13988416E8,1.13988464E8,1.13988496E8,63.991837,-22.605427,146.22946,0.105971,4.954855,180.01343,19.955093,2.351688,0.126385,1.54E-4,7.840854,119.75868,-56.523666,12.0,40.0,0.0,0.0,-49.99986,-50.0,146.22946,1.9E-5,0.014089,282.91257,114.38679,-0.018591,-2.450843,-1661.7686,0.0
-1.0,-1.0,-1.0,0.0,0.0,0.0,-1.0,1.139884E8,1.139884E8,1.13988416E8,1.13988416E8,1.13988464E8,1.13988496E8,63.991837,-22.605427,146.22948,0.105577,4.954071,180.0134,19.49192,2.360457,0.056511,6.8E-5,7.845304,118.40756,-57.87479,12.0,40.0,0.0,0.0,-59.99986,-60.0,146.22948,1.9E-5,0.010265,282.91257,114.88781,-0.018689,-2.452059,-1662.4442,0.0
1.0,1.0,1.0,0.0,0.0,0.0,1.0,1.139884E8,1.139884E8,1.13988416E8,1.13988416E8,1.13988464E8,1.13988496E8,63.991837,-22.605427,146.22948,0.105032,4.953542,180.01335,19.038128,2.369265,-0.027975,-2.4E-5,7.849713,117.05643,-59.22592,12.0,40.0,0.0,0.0,-59.99986,-60.0,146.22948,1.9E-5,0.003623,282.91257,115.42255,-0.0187,-2.453245,-1663.0967,0.0
1.0,1.0,1.0,0.0,0.0,0.0,1.0,1.139884E8,1.139884E8,1.13988416E8,1.13988416E8,1.13988464E8,1.13988496E8,63.991837,-22.605427,146.22949,0.10459,4.953291,180.01332,18.590403,2.378533,0.139,7.6E-5,7.854181,115.70529,-60.577057,12.0,40.0,0.0,0.0,-59.99986,-60.0,146.22949,1.9E-5,0.004696,282.91257,115.99039,-0.018608,-2.454402,-1663.7266,0.0
-1.0,-1.0,-1.0,0.0,0.0,0.0,-1.0,1.139884E8,1.139884E8,1.13988416E8,1.13988416E8,1.13988464E8,1.13988496E8,63.991837,-22.605427,146.22949,0.104427,4.952958,180.0133,18.145287,2.388148,0.207965,1.35E-4,7.858732,114.35415,-61.928204,12.0,40.0,0.0,0.0,-59.99986,-60.0,146.22949,1.8E-5,0.01154,282.91257,116.59072,-0.018359,-2.45553,-1664.3347,0.0
-1.0,-1.0,-1.0,0.0,0.0,0.0,-1.0,1.139884E8,1.139884E8,1.13988416E8,1.13988416E8,1.13988464E8,1.13988496E8,63.991837,-22.605427,146.2295,0.104423,4.952499,180.0133,17.69913,2.397611,0.10401,5.7E-5,7.86327,113.003,-63.279346,12.0,40.0,0.0,0.0,-59.99986,-60.0,146.2295,1.8E-5,0.006441,282.91257,117.222916,-0.018363,-2.45663,-1664.9218,0.0
1.0,1.0,1.0,0.0,0.0,0.0,1.0,1.139884E8,1.139884E8,1.13988416E8,1.13988416E8,1.13988464E8,1.13988496E8,63.991837,-22.605427,146.2295,0.104272,4.952243,180.01329,17.255404,2.406986,-0.037578,-1.4E-5,7.867764,111.651855,-64.6305,12.0,40.0,0.0,0.0,-59.99986,-60.0,146.2295,1.8E-5,-0.001275,282.91257,117.88635,-0.01851,-2.457703,-1665.4883,0.0
1.0,1.0,1.0,0.0,0.0,0.0,1.0,1.139884E8,1.139884E8,1.13988416E8,1.13988416E8,1.13988464E8,1.13988496E8,63.991837,-22.605427,146.2295,0.104039,4.952225,180.01328,16.819277,2.416833,0.298928,6.2E-5,7.872319,110.3007,-65.98165,12.0,40.0,0.0,0.0,-59.99986,-60.0,146.2295,1.8E-5,0.003153,282.91257,118.58039,-0.018463,-2.45875,-1666.0352,0.0
-1.0,-1.0,-1.0,0.0,0.0,0.0,-1.0,1.139884E8,1.139884E8,1.13988416E8,1.13988416E8,1.13988464E8,1.13988496E8,63.991837,-22.605427,146.2295,0.104013,4.952076,180.01326,16.387363,2.427045,0.238294,1.08E-4,7.876959,108.94953,-67.33282,12.0,40.0,0.0,0.0,-59.99986,-60.0,146.2295,1.8E-5,0.009996,282.91257,119.30436,-0.018251,-2.45977,-1666.563,0.0
-1.0,-1.0,-1.0,0.0,0.0,0.0,-1.0,1.139884E8,1.139884E8,1.13988416E8,1.13988416E8,1.13988464E8,1.13988496E8,63.991837,-22.605427,146.22952,0.104103,4.95176,180.01328,15.954506,2.437084,0.091986,3.3E-5,7.881583,107.59837,-68.683975,12.0,40.0,0.0,0.0,-69.999855,-70.0,146.22952,1.8E-5,0.00426,282.91257,120.057625,-0.018273,-2.460766,-1667.0723,0.0
1.0,1.0,1.0,0.0,0.0,0.0,1.0,1.139884E8,1.139884E8,1.13988416E8,1.13988416E8,1.13988464E8,1.13988496E8,63.991837,-22.605427,146.22952,0.104016,4.951631,180.01326,15.524524,2.447026,-0.077759,-2.3E-5,7.886158,106.24721,-70.03515,12.0,40.0,0.0,0.0,-69.999855,-70.0,146.22952,1.7E-5,-0.004361,282.91257,120.83951,-0.018433,-2.461736,-1667.5636,0.0
1.0,1.0,1.0,0.0,0.0,0.0,1.0,1.139884E8,1.139884E8,1.13988416E8,1.13988416E8,1.13988464E8,1.13988496E8,63.991837,-22.605427,146.22952,0.103836,4.951725,180.01326,15.102398,2.457438,0.410534,5.6E-5,7.890793,104.896034,-71.38632,12.0,40.0,0.0,0.0,-69.999855,-70.0,146.22952,1.7E-5,0.002382,282.91257,121.64934,-0.018388,-2.462683,-1668.0377,0.0
-1.0,1.0,1.0,0.0,0.0,0.0,1.0,1.139884E8,1.139884E8,1.13988416E8,1.13988416E8,1.13988464E8,1.13988496E8,63.991837,-22.605427,146.22952,0.103857,4.95166,180.01326,14.684621,2.468227,0.332686,1.41E-4,7.89552,103.54485,-72.737495,12.0,40.0,0.0,0.0,-69.999855,-70.0,146.22952,1.7E-5,0.009024,282.91257,122.48643,-0.018181,-2.463606,-1668.4951,0.0
-1.0,1.0,1.0,0.0,0.0,0.0,1.0,1.139884E8,1.139884E8,1.13988416E8,1.13988416E8,1.13988464E8,1.13988496E8,63.991837,-22.605427,146.22952,0.103987,4.951309,180.01326,14.264248,2.47901,0.212013,1.4E-4,7.900269,102.19367,-74.08868,12.0,40.0,0.0,0.0,-69.999855,-70.0,146.22952,1.7E-5,0.011942,282.91257,123.35009,-0.01821,-2.464507,-1668.9362,0.0
-1.0,-1.0,-1.0,0.0,0.0,0.0,-1.0,1.139884E8,1.139884E8,1.13988416E8,1.13988416E8,1.13988464E8,1.13988496E8,63.991837,-22.605427,146.22954,0.103893,4.950804,180.01326,13.845227,2.489779,0.110348,9.2E-5,7.905005,100.84249,-75.43986,12.0,40.0,0.0,0.0,-69.999855,-70.0,146.22954,1.7E-5,0.011607,282.91257,124.23964,-0.018421,-2.465385,-1669.3616,0.0
-1.0,-1.0,-1.0,0.0,0.0,0.0,-1.0,1.139884E8,1.139884E8,1.13988416E8,1.13988416E8,1.13988464E8,1.13988496E8,63.991837,-22.605427,146.22954,0.103586,4.950341,180.01323,13.435218,2.500478,-0.002925,-2.0E-6,7.909701,99.49131,-76.791046,12.0,40.0,0.0,0.0,-69.999855,-70.0,146.22954,1.7E-5,0.003355,282.91257,125.15437,-0.018445,-2.466241,-1669.7716,0.0
1.0,1.0,1.0,0.0,0.0,0.0,1.0,1.139884E8,1.139884E8,1.13988416E8,1.13988416E8,1.13988464E8,1.13988496E8,63.991837,-22.605427,146.22954,0.103284,4.950219,180.01321,13.032137,2.511168,-0.153751,-6.2E-5,7.914358,98.14012,-78.142235,12.0,40.0,0.0,0.0,-79.999855,-80.0,146.22954,1.6E-5,-0.006877,282.91257,126.093575,-0.018384,-2.467077,-1670.1671,0.0
1.0,1.0,1.0,0.0,0.0,0.0,1.0,1.139884E8,1.139884E8,1.13988416E8,1.13988416E8,1.13988464E8,1.13988496E8,63.991837,-22.605427,146.22954,0.103122,4.950411,180.0132,12.634121,2.522339,0.183099,4.3E-5,7.919092,96.78892,-79.49343,12.0,40.0,0.0,0.0,-79.999855,-80.0,146.22954,1.6E-5,-0.001174,282.91257,127.05654,-0.018285,-2.467891,-1670.5486,0.0
1.0,1.0,1.0,0.0,0.0,0.0,1.0,1.139884E8,1.139884E8,1.13988416E8,1.13988416E8,1.13988464E8,1.13988496E8,63.991837,-22.605427,146.22955,0.103252,4.950468,180.0132,12.239411,2.533908,0.238586,1.16E-4,7.923934,95.43772,-80.844635,12.0,40.0,0.0,0.0,-79.999855,-80.0,146.22955,1.6E-5,0.007615,282.91257,128.04254,-0.018036,-2.468685,-1670.9164,0.0
1.0,1.0,1.0,0.0,0.0,0.0,1.0,1.139884E8,1.139884E8,1.13988416E8,1.13988416E8,1.13988464E8,1.13988496E8,63.991837,-22.605427,146.22955,0.103702,4.950227,180.01324,11.848473,2.545537,0.142251,1.44E-4,7.928802,94.08651,-82.19584,12.0,40.0,0.0,0.0,-79.999855,-80.0,146.22955,1.6E-5,0.007212,282.91257,129.05087,-0.017908,-2.46946,-1671.2709,0.0
-1.0,-1.0,-1.0,0.0,0.0,0.0,-1.0,1.139884E8,1.139884E8,1.13988416E8,1.13988416E8,1.13988464E8,1.13988496E8,63.991837,-22.605427,146.22957,0.104369,4.94982,180.01329,11.457124,2.557129,0.113441,1.3E-4,7.933656,92.735306,-83.54704,12.0,40.0,0.0,0.0,-79.999855,-80.0,146.22957,1.6E-5,0.011405,282.91257,130.08081,-0.017844,-2.470216,-1671.6124,0.0
-1.0,-1.0,-1.0,0.0,0.0,0.0,-1.0,1.139884E8,1.139884E8,1.13988416E8,1.13988416E8,1.13988464E8,1.13988496E8,63.991837,-22.605427,146.22957,0.104966,4.949445,180.01334,11.064969,2.568532,0.055857,3.8E-5,7.938464,91.384094,-84.898254,12.0,40.0,0.0,0.0,-79.999855,-80.0,146.22957,1.6E-5,0.00218,282.91257,131.1316,-0.017938,-2.470953,-1671.9413,0.0
1.0,1.0,1.0,0.0,0.0,0.0,1.0,1.139884E8,1.139884E8,1.13988416E8,1.13988416E8,1.13988464E8,1.13988496E8,63.991837,-22.605427,146.22957,0.105259,4.949419,180.01337,10.675731,2.579868,-0.109454,-4.1E-5,7.943228,90.03288,-86.24947,12.0,40.0,0.0,0.0,-79.999855,-80.0,146.22957,1.5E-5,-0.009024,282.91257,132.20258,-0.018223,-2.471671,-1672.2583,0.0
1.0,1.0,1.0,0.0,0.0,0.0,1.0,1.139884E8,1.139884E8,1.13988416E8,1.13988416E8,1.13988464E8,1.13988496E8,63.991837,-22.605427,146.22957,0.105371,4.949717,180.01337,10.295292,2.591725,0.064216,2.9E-5,7.948076,88.681656,-87.60069,12.0,40.0,0.0,0.0,-89.999855,-90.0,146.22957,1.5E-5,-0.002549,282.91257,133.29294,-0.018219,-2.472372,-1672.5637,0.0
-1.0,-1.0,-1.0,0.0,0.0,0.0,-1.0,1.139884E8,1.139884E8,1.13988416E8,1.13988416E8,1.13988464E8,1.13988496E8,63.991837,-22.605427,146.22957,0.105651,4.94986,180.0134,9.920158,2.603991,0.206802,1.21E-4,7.953042,87.33043,-88.95192,12.0,40.0,0.0,0.0,-89.999855,-90.0,146.22957,1.5E-5,0.006306,282.91257,134.40198,-0.018061,-2.473056,-1672.8578,0.0
-1.0,-1.0,-1.0,0.0,0.0,0.0,-1.0,1.139884E8,1.139884E8,1.13988416E8,1.13988416E8,1.13988464E8,1.13988496E8,63.991837,-22.605427,146.22957,0.106033,4.949777,180.01343,9.543071,2.616045,0.067236,2.5E-5,7.957983,85.9792,-90.30315,12.0,40.0,0.0,0.0,-89.999855,-90.0,146.22957,1.5E-5,-1.34E-4,282.91257,135.52896,-0.018112,-2.473722,-1673.141,0.0
1.0,1.0,1.0,0.0,0.0,0.0,1.0,1.139884E8,1.139884E8,1.13988416E8,1.13988416E8,1.13988464E8,1.13988496E8,63.991837,-22.605427,146.22957,0.106177,4.949882,180.01344,9.168013,2.627938,-0.102069,-4.5E-5,7.962854,84.62797,-91.65438,12.0,40.0,0.0,0.0,-89.999855,-90.0,146.22957,1.5E-5,-0.007682,282.91257,136.67314,-0.018362,-2.474373,-1673.4136,0.0
1.0,1.0,1.0,0.0,0.0,0.0,1.0,1.139884E8,1.139884E8,1.13988416E8,1.13988416E8,1.13988464E8,1.13988496E8,63.991837,-22.605427,146.22957,0.106179,4.950219,180.01344,8.833564,2.630883,0.083687,3.3E-5,7.965679,83.27673,-93.005615,12.0,40.0,0.0,0.0,-89.999855,-90.0,146.22957,1.5E-5,-0.001946,282.91257,137.83379,-0.018349,-2.475007,-1673.676,0.0
-1.0,-1.0,-1.0,0.0,0.0,0.0,1.0,1.139884E8,1.139884E8,1.13988416E8,1.13988416E8,1.13988464E8,1.13988496E8,63.991837,-22.605427,146.22957,0.106375,4.950339,180.01346,8.518634,2.629,0.223235,1.11E-4,7.966152,81.92549,-94.356865,12.0,40.0,0.0,0.0,-89.999855,-90.0,146.22957,1.5E-5,0.009124,282.91257,139.01013,-0.018168,-2.475625,-1673.9286,0.0
-1.0,-1.0,-1.0,0.0,0.0,0.0,1.0,1.139884E8,1.139884E8,1.13988416E8,1.13988416E8,1.13988464E8,1.13988496E8,63.991837,-22.605427,146.22957,0.106689,4.950202,180.01347,8.197501,2.626852,0.020449,6.0E-6,7.966357,80.57424,-95.70811,12.0,40.0,0.0,0.0,-89.999855,-90.0,146.22957,1.4E-5,0.002516,282.91257,140.20148,-0.018216,-2.476228,-1674.1715,0.0
-1.0,-1.0,-1.0,0.0,0.0,0.0,-1.0,1.139884E8,1.139884E8,1.13988416E8,1.13988416E8,1.13988464E8,1.13988496E8,63.991837,-22.605427,146.22957,0.106772,4.950247,180.01349,7.873636,2.624457,-0.261679,-1.2E-4,7.966439,79.22299,-97.05936,12.0,40.0,0.0,0.0,-89.999855,-90.0,146.22957,1.4E-5,-0.009091,282.91257,141.40704,-0.018462,-2.476816,-1674.4052,0.0
-1.0,-1.0,-1.0,0.0,0.0,0.0,-1.0,1.139884E8,1.139884E8,1.13988416E8,1.13988416E8,1.13988464E8,1.13988496E8,63.991837,-22.605427,146.22955,0.106538,4.950787,180.01347,7.549797,2.621983,-0.161274,-2.22E-4,7.966451,77.87174,-98.410614,12.0,40.0,0.0,0.0,-99.999855,-100.0,146.22955,1.4E-5,-0.016571,282.91257,142.6261,-0.018585,-2.47739,-1674.6299,0.0
1.0,1.0,1.0,0.0,0.0,0.0,1.0,1.139884E8,1.139884E8,1.13988416E8,1.13988416E8,1.13988464E8,1.13988496E8,63.991837,-22.605427,146.22954,0.106087,4.951843,180.01343,7.228948,2.61983,-0.11763,-2.16E-4,7.966494,76.52048,-99.76187,12.0,40.0,0.0,0.0,-99.999855,-100.0,146.22954,1.4E-5,-0.019758,282.91257,143.85791,-0.018671,-2.477949,-1674.8461,0.0
1.0,1.0,1.0,0.0,0.0,0.0,1.0,1.139884E8,1.139884E8,1.13988416E8,1.13988416E8,1.13988464E8,1.13988496E8,63.991837,-22.605427,146.22952,0.105707,4.953004,180.0134,6.912011,2.618253,-0.058851,-8.3E-5,7.966658,75.169205,-101.113144,12.0,40.0,0.0,0.0,-99.999855,-100.0,146.22952,1.4E-5,-0.00946,282.91257,145.10172,-0.018575,-2.478495,-1675.054,0.0
1.0,-1.0,-1.0,0.0,0.0,0.0,-1.0,1.139884E8,1.139884E8,1.13988416E8,1.13988416E8,1.13988464E8,1.13988496E8,63.991837,-22.605427,146.22952,0.105638,4.953753,180.0134,6.595967,2.617024,0.040765,2.6E-5,7.966917,73.817924,-102.464424,12.0,40.0,0.0,0.0,-99.999855,-100.0,146.22952,1.4E-5,-0.001107,282.91257,146.3568,-0.018315,-2.479027,-1675.2538,0.0
1.0,-1.0,-1.0,0.0,0.0,0.0,-1.0,1.139884E8,1.139884E8,1.13988416E8,1.13988416E8,1.13988464E8,1.13988496E8,63.991837,-22.605427,146.22952,0.105948,4.954083,180.01343,6.28117,2.615511,-0.044231,-3.9E-5,7.967103,72.46665,-103.815704,12.0,40.0,0.0,0.0,-99.999855,-100.0,146.22952,1.4E-5,-0.004696,282.91257,147.6224,-0.018162,-2.479546,-1675.4456,0.0
1.0,1.0,1.0,0.0,0.0,0.0,1.0,1.139884E8,1.139884E8,1.13988416E8,1.13988416E8,1.13988464E8,1.13988496E8,63.991837,-22.605427,146.2295,0.106558,4.954525,180.01347,5.962147,2.613723,-0.070145,-9.1E-5,7.967166,71.115364,-105.166985,12.0,40.0,0.0,0.0,-99.999855,-100.0,146.2295,1.3E-5,-0.017443,282.91257,148.89781,-0.018057,-2.480052,-1675.6296,0.0
1.0,1.0,1.0,0.0,0.0,0.0,1.0,1.139884E8,1.139884E8,1.13988416E8,1.13988416E8,1.13988464E8,1.13988496E8,63.991837,-22.605427,146.2295,0.107212,4.955159,180.01352,5.638525,2.612346,0.010107,1.1E-5,7.967278,69.764084,-106.51827,12.0,40.0,0.0,0.0,-99.999855,-100.0,146.2295,1.3E-5,-0.00691,282.91257,150.18228,-0.018091,-2.480545,-1675.8064,0.0
1.0,-1.0,-1.0,0.0,0.0,0.0,-1.0,1.139884E8,1.139884E8,1.13988416E8,1.13988416E8,1.13988464E8,1.13988496E8,63.991837,-22.605427,146.2295,0.10778,4.955485,180.01357,5.312989,2.611326,0.10621,7.6E-5,7.967488,68.412796,-107.86956,12.0,40.0,0.0,0.0,-109.999855,-110.0,146.2295,1.3E-5,0.006508,282.91257,151.47508,-0.018212,-2.481027,-1675.976,0.0
1.0,-1.0,-1.0,0.0,0.0,0.0,-1.0,1.139884E8,1.139884E8,1.13988416E8,1.13988416E8,1.13988464E8,1.13988496E8,63.991837,-22.605427,146.2295,0.108258,4.955477,180.01361,4.988997,2.610041,-0.025044,-1.6E-5,7.967632,67.0615,-109.22085,12.0,40.0,0.0,0.0,-109.999855,-110.0,146.2295,1.3E-5,-7.38E-4,282.91257,152.7755,-0.01825,-2.481496,-1676.1384,0.0
