63.985043;-22.592484;;;
63.985043;-22.592484;;;
63.991837;-22.605425;;;
63.991837;-22.605425;;;
63.991837;-22.605425;;;
63.991837;-22.605425;;;
63.991837;-22.605425;;;
63.991837;-22.605425;;;
63.991837;-22.605425;;;
63.991837;-22.605425;;;
63.991837;-22.605425;;;
63.991837;-22.605425;;;
63.991837;-22.605425;;;
63.991837;-22.605425;;;
63.991837;-22.605425;;;
63.991837;-22.605425;;;
63.991837;-22.605425;;;
63.991837;-22.605425;;;
63.991837;-22.605425;;;
63.991837;-22.605425;;;
63.991837;-22.605425;;;
63.991837;-22.605425;;;
63.991837;-22.605425;;;
63.991837;-22.605425;;;
63.991837;-22.605425;;;
63.991837;-22.605425;;;
63.991837;-22.605425;;;
63.991837;-22.605425;;;
63.991837;-22.605425;;;
63.991837;-22.605425;;;
63.991837;-22.605425;;;
63.991837;-22.605425;;;
63.991837;-22.605425;;;
63.991837;-22.605425;;;
63.991837;-22.605425;;;
63.991837;-22.605425;;;
63.991837;-22.605425;;;
63.991837;-22.605425;;;
63.991837;-22.605425;;;
63.991837;-22.605425;;;
63.991837;-22.605425;;;
63.991837;-22.605425;;;
63.991837;-22.605425;;;
63.991837;-22.605425;;;
63.991837;-22.605427;;;
63.991837;-22.605427;;;
63.991837;-22.605427;;;
63.991837;-22.605427;;;
63.991837;-22.605427;;;
63.991837;-22.605427;;;
63.991837;-22.605427;;;
63.991837;-22.605427;;;
63.991837;-22.605427;;;
63.991837;-22.605427;;;
63.991837;-22.605427;;;
63.991837;-22.605427;;;
63.991837;-22.605427;;;
63.991837;-22.605427;;;
63.991837;-22.605427;;;
63.991837;-22.605427;;;
63.991837;-22.605427;;;
63.991837;-22.605427;;;
63.991837;-22.605427;;;
63.991837;-22.605427;;;
63.991837;-22.605427;;;
63.991837;-22.605427;;;
63.991837;-22.605427;;;
63.991837;-22.605427;;;
63.991837;-22.605427;;;
63.991837;-22.605427;;;
63.991837;-22.605427;;;
63.991837;-22.605427;;;
63.991837;-22.605427;;;
63.991837;-22.605427;;;
63.991837;-22.605427;;;
63.991837;-22.605427;;;
63.991837;-22.605427;;;
63.991837;-22.605427;;;
63.991837;-22.605427;;;
63.991837;-22.605427;;;
63.991837;-22.605427;;;
63.991837;-22.605427;;;
63.991837;-22.605427;;;
63.991837;-22.605427;;;
63.991837;-22.605427;;;
63.991837;-22.605427;;;
63.991837;-22.605427;;;
63.991837;-22.605427;;;
63.991837;-22.605427;;;
63.991837;-22.605427;;;
63.991837;-22.605427;;;
63.991837;-22.605427;;;
63.991837;-22.605427;;;
63.991837;-22.605427;;;
63.991837;-22.605427;;;
63.991837;-22.605427;;;
63.991837;-22.605427;;;
63.991837;-22.605427;;;
63.991837;-22.605427;;;
63.991837;-22.605427;;;
63.991837;-22.605427;;;
63.991837;-22.605427;;;
63.991837;-22.605427;;;
63.991837;-22.605427;;;
63.991837;-22.605427;;;
63.991837;-22.605427;;;
63.991837;-22.605427;;;
63.991837;-22.605427;;;
63.991837;-22.605427;;;
63.991837;-22.605427;;;
63.991837;-22.605427;;;
63.991837;-22.605427;;;
63.991837;-22.605427;;;
63.991837;-22.605427;;;
63.991837;-22.605427;;;
63.991837;-22.605427;;;
63.991833;-22.605427;;;
63.991833;-22.605427;;;
63.991833;-22.605427;;;
63.991833;-22.605427;;;
63.991833;-22.605427;;;
63.991833;-22.605427;;;
63.991833;-22.605427;;;
63.991833;-22.605427;;;
63.991833;-22.605427;;;
63.991833;-22.605427;;;
63.991833;-22.605427;;;
63.991833;-22.605427;;;
63.991833;-22.605427;;;
63.991833;-22.605427;;;
63.991833;-22.605427;;;
63.991833;-22.605427;;;
63.991833;-22.605427;;;
63.99183;-22.605427;;;
63.99183;-22.605427;;;
63.99183;-22.605427;;;
63.99183;-22.605427;;;
63.99183;-22.605427;;;
63.99183;-22.605427;;;
63.99183;-22.605427;;;
63.99183;-22.605427;;;
63.99183;-22.605427;;;
63.99183;-22.605427;;;
63.991825;-22.605427;;;
63.991825;-22.605427;;;
63.991825;-22.605427;;;
63.991825;-22.605427;;;
63.991825;-22.605427;;;
63.991825;-22.605427;;;
63.991825;-22.605427;;;
63.99182;-22.605427;;;
63.99182;-22.605427;;;
63.99182;-22.605427;;;
63.99182;-22.605427;;;
63.99182;-22.605427;;;
63.99182;-22.605427;;;
63.991817;-22.605427;;;
63.991817;-22.605427;;;
63.991817;-22.605427;;;
63.991817;-22.605427;;;
63.991814;-22.605427;;;
63.991814;-22.605427;;;
63.991814;-22.605427;;;
63.991814;-22.605427;;;
63.99181;-22.605427;;;
63.99181;-22.605427;;;
63.99181;-22.605427;;;
63.99181;-22.605427;;;
63.991806;-22.605427;;;
63.991806;-22.605427;;;
63.991806;-22.605427;;;
63.991802;-22.605427;;;
63.991802;-22.605427;;;
63.9918;-22.605427;;;
63.9918;-22.605427;;;
63.9918;-22.605427;;;
63.991795;-22.605427;;;
63.991795;-22.605425;;;
63.99179;-22.605425;;;
63.99179;-22.605425;;;
63.991787;-22.605425;;;
63.991783;-22.605425;;;
63.991783;-22.605425;;;
63.99178;-22.605425;;;
63.99178;-22.605425;;;
63.991776;-22.605425;;;
63.99177;-22.605425;;;
63.991768;-22.605425;;;
63.991768;-22.605425;;;
63.991764;-22.605425;;;
63.99176;-22.605425;;;
63.991756;-22.605423;;;
63.991753;-22.605423;;;
63.991753;-22.605423;;;
63.991734;-22.605421;;;
63.991726;-22.60542;;;
63.99172;-22.60542;;;
63.991714;-22.60542;;;
63.99171;-22.605417;;;
63.991703;-22.605417;;;
63.9917;-22.605415;;;
63.991695;-22.605415;;;
63.991688;-22.605413;;;
63.991684;-22.605413;;;
63.991676;-22.605412;;;
63.991673;-22.60541;;;
63.991665;-22.605408;;;
63.991657;-22.605408;;;
63.991653;-22.605406;;;
63.991646;-22.605404;;;
63.99164;-22.605402;;;
63.991634;-22.6054;;;
63.991627;-22.605396;;;
63.99162;-22.605394;;;
63.99161;-22.605392;;;
63.991604;-22.60539;;;
63.991596;-22.605387;;;
63.991592;-22.605385;;;
63.99158;-22.605381;;;
63.991573;-22.605377;;;
63.991566;-22.605375;;;
63.991558;-22.605371;;;
63.991547;-22.605368;;;
63.99154;-22.605364;;;
63.99153;-22.60536;;;
63.991524;-22.605356;;;
63.991512;-22.60535;;;
63.991505;-22.605347;;;
63.991493;-22.605341;;;
63.991486;-22.605337;;;
63.991478;-22.605331;;;
63.991467;-22.605326;;;
63.991455;-22.60532;;;
63.991447;-22.605314;;;
63.991436;-22.605309;;;
63.99143;-22.605303;;;
63.991417;-22.605295;;;
63.991405;-22.60529;;;
63.991394;-22.605282;;;
63.991386;-22.605274;;;
63.991375;-22.605267;;;
63.991364;-22.605259;;;
63.991352;-22.605251;;;
63.99134;-22.605242;;;
63.99133;-22.605234;;;
63.991318;-22.605225;;;
63.99131;-22.605217;;;
63.991295;-22.605206;;;
63.991283;-22.605196;;;
63.991272;-22.605186;;;
63.99126;-22.605177;;;
63.99125;-22.605165;;;
63.991238;-22.605154;;;
63.991226;-22.605145;;;
63.99121;-22.605133;;;
63.9912;-22.60512;;;
63.991188;-22.605108;;;
63.991173;-22.605095;;;
63.99116;-22.605083;;;
63.99115;-22.60507;;;
63.991135;-22.605057;;;
63.991123;-22.605043;;;
63.991108;-22.60503;;;
63.991096;-22.605015;;;
63.991085;-22.605;;;
63.99107;-22.604986;;;
63.991055;-22.60497;;;
63.991043;-22.604954;;;
63.991028;-22.604939;;;
63.991016;-22.604921;;;
63.991;-22.604906;;;
63.990986;-22.604889;;;
63.990974;-22.604872;;;
63.99096;-22.604855;;;
63.990944;-22.604836;;;
63.990932;-22.604818;;;
63.990917;-22.6048;;;
63.990902;-22.60478;;;
63.990887;-22.604761;;;
63.99087;-22.604742;;;
63.99086;-22.604721;;;
63.990845;-22.604702;;;
63.99083;-22.604681;;;
63.990814;-22.60466;;;
63.9908;-22.60464;;;
63.990784;-22.604616;;;
63.99077;-22.604595;;;
63.990753;-22.604574;;;
63.990738;-22.604551;;;
63.990723;-22.604528;;;
63.990707;-22.604506;;;
63.990692;-22.604483;;;
63.990677;-22.60446;;;
63.99066;-22.604435;;;
63.990646;-22.60441;;;
63.99063;-22.604387;;;
63.990616;-22.604362;;;
63.9906;-22.604336;;;
63.990585;-22.604311;;;
63.99057;-22.604286;;;
63.990555;-22.60426;;;
63.99054;-22.604233;;;
63.990524;-22.604206;;;
63.99051;-22.60418;;;
63.990494;-22.604153;;;
63.99048;-22.604124;;;
63.990463;-22.604097;;;
63.990448;-22.604069;;;
63.99043;-22.60404;;;
63.990414;-22.604012;;;
63.9904;-22.603983;;;
63.990383;-22.603952;;;
63.990368;-22.603924;;;
63.990353;-22.603893;;;
63.990337;-22.603863;;;
63.990322;-22.603832;;;
63.990303;-22.603802;;;
63.990288;-22.60377;;;
63.990273;-22.603739;;;
63.990257;-22.603706;;;
63.990242;-22.603674;;;
63.990223;-22.603642;;;
63.990208;-22.60361;;;
63.990192;-22.603577;;;
63.990177;-22.603544;;;
63.990158;-22.60351;;;
63.990143;-22.603476;;;
63.990128;-22.603441;;;
63.990112;-22.603407;;;
63.990093;-22.603373;;;
63.990078;-22.603338;;;
63.990063;-22.603302;;;
63.990044;-22.603268;;;
63.99003;-22.603231;;;
63.990013;-22.603195;;;
63.989994;-22.603159;;;
63.98998;-22.60312;;;
63.989964;-22.603085;;;
63.989944;-22.603048;;;
63.98993;-22.60301;;;
63.989914;-22.602972;;;
63.989895;-22.602934;;;
63.98988;-22.602901;;;
63.98986;-22.602858;;;
63.989845;-22.602818;;;
63.989826;-22.60278;;;
63.98981;-22.60274;;;
63.98979;-22.6027;;;
63.989777;-22.60266;;;
63.989758;-22.60262;;;
63.989746;-22.602585;;;
63.989723;-22.602537;;;
63.989708;-22.602497;;;
63.98969;-22.602455;;;
63.989674;-22.602413;;;
63.989655;-22.602371;;;
63.989635;-22.60233;;;
63.98962;-22.602287;;;
63.9896;-22.602243;;;
63.989582;-22.602201;;;
63.989567;-22.602158;;;
63.989548;-22.602114;;;
63.98953;-22.60207;;;
63.989513;-22.602026;;;
63.989494;-22.601982;;;
63.989475;-22.601936;;;
63.989456;-22.601892;;;
63.98944;-22.601847;;;
63.98942;-22.6018;;;
63.989403;-22.601755;;;
63.989384;-22.60171;;;
63.989365;-22.601664;;;
63.98935;-22.601616;;;
63.98933;-22.60157;;;
63.98931;-22.601522;;;
63.989292;-22.601475;;;
63.989273;-22.601427;;;
63.989254;-22.60138;;;
63.989235;-22.601332;;;
63.989216;-22.601282;;;
63.989197;-22.601233;;;
63.989178;-22.601185;;;
63.98916;-22.601135;;;
63.98914;-22.601086;;;
63.98912;-22.601034;;;
63.9891;-22.600985;;;
63.989082;-22.600933;;;
63.989063;-22.600882;;;
63.989044;-22.600832;;;
63.989025;-22.60078;;;
63.989006;-22.600727;;;
63.988987;-22.600676;;;
63.988968;-22.600622;;;
63.98895;-22.60057;;;
63.988926;-22.600517;;;
63.988907;-22.600464;;;
63.988888;-22.60041;;;
63.98887;-22.600355;;;
63.98885;-22.600302;;;
63.98883;-22.600246;;;
63.988808;-22.600191;;;
63.98879;-22.600136;;;
63.98877;-22.60008;;;
63.98875;-22.600023;;;
63.988728;-22.599968;;;
63.98871;-22.59991;;;
63.98869;-22.599854;;;
63.98867;-22.599796;;;
63.988647;-22.59974;;;
63.98863;-22.599682;;;
63.98861;-22.599623;;;
63.988586;-22.599564;;;
63.988567;-22.599504;;;
63.98855;-22.599445;;;
63.988525;-22.599386;;;
63.988506;-22.599325;;;
63.988487;-22.599266;;;
63.988464;-22.599205;;;
63.988445;-22.599144;;;
63.988426;-22.599083;;;
63.988403;-22.59902;;;
63.988384;-22.598959;;;
63.988365;-22.598896;;;
63.988342;-22.598833;;;
63.988323;-22.59877;;;
63.9883;-22.598705;;;
63.98828;-22.598642;;;
63.988262;-22.598577;;;
63.98824;-22.598513;;;
63.98822;-22.598448;;;
63.988197;-22.598383;;;
63.98818;-22.598316;;;
63.98816;-22.59825;;;
63.988136;-22.598185;;;
63.988117;-22.598116;;;
63.988094;-22.59805;;;
63.988075;-22.59798;;;
63.988056;-22.597914;;;
63.988033;-22.597845;;;
63.988014;-22.597775;;;
63.98799;-22.597706;;;
63.987972;-22.597635;;;
63.987953;-22.597565;;;
63.98793;-22.597494;;;
63.98791;-22.597424;;;
63.987892;-22.597351;;;
63.98787;-22.59728;;;
63.98785;-22.597208;;;
63.98783;-22.597134;;;
63.98781;-22.597061;;;
63.98779;-22.596987;;;
63.98777;-22.596912;;;
63.98775;-22.596838;;;
63.987732;-22.596764;;;
63.98771;-22.596687;;;
63.98769;-22.596611;;;
63.98767;-22.596535;;;
63.98765;-22.596458;;;
63.987633;-22.596382;;;
63.987614;-22.596304;;;
63.987595;-22.596226;;;
63.987576;-22.596148;;;
63.987556;-22.596067;;;
63.987537;-22.59599;;;
63.98752;-22.59591;;;
63.987503;-22.595829;;;
63.987484;-22.595749;;;
63.987465;-22.595667;;;
63.987446;-22.595587;;;
63.98743;-22.595505;;;
63.98741;-22.595423;;;
63.987396;-22.595354;;;
63.987377;-22.595257;;;
63.987362;-22.595175;;;
63.987343;-22.59509;;;
63.987328;-22.595007;;;
63.987312;-22.594921;;;
63.987293;-22.594837;;;
63.987278;-22.594751;;;
63.987263;-22.594667;;;
63.987247;-22.594582;;;
63.987232;-22.594496;;;
63.987217;-22.594408;;;
63.9872;-22.594322;;;
63.987186;-22.594234;;;
63.98717;-22.594147;;;
63.98716;-22.594059;;;
63.987144;-22.593971;;;
63.98713;-22.593884;;;
63.987118;-22.593794;;;
63.987106;-22.593706;;;
63.98709;-22.593616;;;
63.98708;-22.593527;;;
63.98707;-22.593437;;;
63.987053;-22.593348;;;
63.98704;-22.593256;;;
63.98703;-22.593166;;;
63.98702;-22.593075;;;
63.987007;-22.592985;;;
63.987;-22.592894;;;
63.986988;-22.592802;;;
63.986977;-22.59271;;;
63.98697;-22.592617;;;
63.986958;-22.592525;;;
63.98695;-22.592434;;;
63.986942;-22.59234;;;
63.98693;-22.592249;;;
63.986923;-22.592155;;;
63.986916;-22.592062;;;
63.986908;-22.591969;;;
63.9869;-22.591875;;;
63.986893;-22.591782;;;
63.98689;-22.591696;;;
63.98688;-22.591595;;;
63.986877;-22.591501;;;
63.98687;-22.591406;;;
63.986866;-22.591328;;;
63.986862;-22.591219;;;
63.986855;-22.591124;;;
63.98685;-22.59103;;;
63.986847;-22.590935;;;
63.986847;-22.590841;;;
63.986843;-22.590746;;;
63.98684;-22.59065;;;
63.98684;-22.590557;;;
63.986835;-22.590462;;;
63.986835;-22.590366;;;
63.986835;-22.590273;;;
63.98683;-22.590178;;;
63.98683;-22.590084;;;
63.98683;-22.589989;;;
63.98683;-22.589893;;;
63.986835;-22.5898;;;
63.986835;-22.589705;;;
63.98684;-22.589611;;;
63.98684;-22.589516;;;
63.986843;-22.589422;;;
63.986843;-22.589327;;;
63.986847;-22.589233;;;
63.98685;-22.58914;;;
63.986855;-22.589046;;;
63.986862;-22.588951;;;
63.986866;-22.588858;;;
63.98687;-22.588764;;;
63.986877;-22.58867;;;
63.986885;-22.58858;;;
63.98689;-22.588486;;;
63.986897;-22.588392;;;
63.986904;-22.5883;;;
63.98691;-22.588207;;;
63.98692;-22.588116;;;
63.98693;-22.588024;;;
63.98694;-22.587933;;;
63.98695;-22.587841;;;
63.986958;-22.58775;;;
63.98697;-22.587658;;;
63.98698;-22.587568;;;
63.98699;-22.587477;;;
63.987003;-22.587387;;;
63.987015;-22.587297;;;
63.987026;-22.587208;;;
63.98704;-22.587118;;;
63.987053;-22.58703;;;
63.98707;-22.58694;;;
63.987083;-22.586853;;;
63.9871;-22.586765;;;
63.987114;-22.58668;;;
63.98713;-22.586592;;;
63.987144;-22.586506;;;
63.98716;-22.586418;;;
63.98718;-22.586332;;;
63.987194;-22.586248;;;
63.987213;-22.586163;;;
63.987232;-22.586079;;;
63.98725;-22.585995;;;
63.98727;-22.58591;;;
63.98729;-22.585829;;;
63.98731;-22.585747;;;
63.98733;-22.585665;;;
63.987347;-22.585596;;;
63.987373;-22.5855;;;
63.987392;-22.58542;;;
63.987415;-22.58534;;;
63.98744;-22.585262;;;
63.98746;-22.585184;;;
63.987484;-22.585106;;;
63.98751;-22.585028;;;
63.987534;-22.584951;;;
63.98756;-22.584875;;;
63.987583;-22.584799;;;
63.98761;-22.584724;;;
63.987637;-22.58465;;;
63.987663;-22.584576;;;
63.98769;-22.584503;;;
63.987717;-22.58443;;;
63.987743;-22.584358;;;
63.987774;-22.584288;;;
63.9878;-22.584217;;;
63.98783;-22.584148;;;
63.98786;-22.58408;;;
63.98789;-22.584011;;;
63.98792;-22.583944;;;
63.98795;-22.583878;;;
63.987984;-22.58381;;;
63.988014;-22.583746;;;
63.988045;-22.583683;;;
63.98808;-22.58362;;;
63.98811;-22.583557;;;
63.988144;-22.583496;;;
63.98818;-22.583435;;;
63.988213;-22.583376;;;
63.988247;-22.583317;;;
63.98828;-22.58326;;;
63.988316;-22.583202;;;
63.988354;-22.583147;;;
63.988388;-22.583092;;;
63.988426;-22.583038;;;
63.98846;-22.582985;;;
63.9885;-22.582933;;;
63.988537;-22.582882;;;
63.988575;-22.582832;;;
63.988613;-22.582783;;;
63.98865;-22.582735;;;
63.98869;-22.582687;;;
63.988728;-22.582644;;;
63.98877;-22.582598;;;
63.988808;-22.582554;;;
63.98885;-22.582512;;;
63.988888;-22.582472;;;
63.98893;-22.582432;;;
63.98897;-22.582392;;;
63.989014;-22.582355;;;
63.989056;-22.582317;;;
63.989098;-22.582283;;;
63.98914;-22.582249;;;
63.98918;-22.582216;;;
63.989223;-22.582184;;;
63.98927;-22.582155;;;
63.98931;-22.582125;;;
63.989357;-22.582098;;;
63.9894;-22.582071;;;
63.989445;-22.582047;;;
63.98949;-22.582022;;;
63.989532;-22.582;;;
63.98958;-22.58198;;;
63.989624;-22.581959;;;
63.98967;-22.581942;;;
63.989716;-22.581924;;;
63.98976;-22.58191;;;
63.989807;-22.581896;;;
63.989857;-22.581882;;;
63.989902;-22.581871;;;
63.98995;-22.581861;;;
63.989994;-22.581854;;;
63.990044;-22.581846;;;
63.99009;-22.581842;;;
63.990135;-22.581839;;;
63.990185;-22.581835;;;
63.99023;-22.581835;;;
63.99028;-22.581837;;;
63.990326;-22.581839;;;
63.990376;-22.581842;;;
63.990425;-22.581848;;;
63.99047;-22.581854;;;
63.99052;-22.581863;;;
63.990566;-22.581873;;;
63.990616;-22.581884;;;
63.990665;-22.581898;;;
63.99071;-22.581913;;;
63.99076;-22.58193;;;
63.99081;-22.581947;;;
63.990856;-22.581968;;;
63.990906;-22.58199;;;
63.99095;-22.582012;;;
63.991;-22.582037;;;
63.99105;-22.582064;;;
63.991096;-22.58209;;;
63.991146;-22.58212;;;
63.99119;-22.582151;;;
63.99124;-22.582184;;;
63.991287;-22.582218;;;
63.991337;-22.582254;;;
63.991383;-22.58229;;;
63.99143;-22.58233;;;
63.991478;-22.58237;;;
63.991524;-22.582413;;;
63.99156;-22.582449;;;
63.991615;-22.582502;;;
63.99166;-22.58255;;;
63.991707;-22.582598;;;
63.991753;-22.58265;;;
63.9918;-22.5827;;;
63.991844;-22.582754;;;
63.991886;-22.58281;;;
63.991932;-22.582865;;;
63.991978;-22.582924;;;
63.99202;-22.582983;;;
63.99206;-22.583044;;;
63.992107;-22.583107;;;
63.99215;-22.58317;;;
63.99219;-22.583237;;;
63.992233;-22.583303;;;
63.992275;-22.583372;;;
63.992313;-22.58344;;;
63.992355;-22.583513;;;
63.992397;-22.583586;;;
63.992435;-22.58366;;;
63.992474;-22.583735;;;
63.992516;-22.583813;;;
63.992546;-22.583878;;;
63.99259;-22.58397;;;
63.992626;-22.58405;;;
63.992664;-22.584133;;;
63.992702;-22.584215;;;
63.992737;-22.584301;;;
63.99277;-22.584385;;;
63.992805;-22.584473;;;
63.99284;-22.58456;;;
63.992874;-22.58465;;;
63.99291;-22.584742;;;
63.99294;-22.584831;;;
63.99297;-22.584925;;;
63.993004;-22.585018;;;
63.993034;-22.585114;;;
63.99306;-22.585209;;;
63.99309;-22.585306;;;
63.993122;-22.585403;;;
63.99315;-22.585503;;;
63.993176;-22.585602;;;
63.993202;-22.585701;;;
63.99323;-22.585802;;;
63.99325;-22.585905;;;
63.99328;-22.586008;;;
63.9933;-22.586111;;;
63.993324;-22.586216;;;
63.993347;-22.58632;;;
63.99337;-22.586428;;;
63.99339;-22.586533;;;
63.993412;-22.586641;;;
63.99343;-22.586748;;;
63.99345;-22.586857;;;
63.993465;-22.586966;;;
63.993484;-22.587074;;;
63.9935;-22.587185;;;
63.993515;-22.587294;;;
63.99353;-22.587404;;;
63.993546;-22.587517;;;
63.993557;-22.587608;;;
63.993572;-22.58774;;;
63.993584;-22.58785;;;
63.993595;-22.587963;;;
63.993607;-22.588076;;;
63.993614;-22.58819;;;
63.99362;-22.588303;;;
63.993633;-22.588415;;;
63.993637;-22.58853;;;
63.993645;-22.588642;;;
63.993652;-22.588755;;;
63.993656;-22.58887;;;
63.99366;-22.588982;;;
63.993664;-22.589096;;;
63.993668;-22.589209;;;
63.993668;-22.589323;;;
63.993668;-22.589436;;;
63.993668;-22.589548;;;
63.993668;-22.589663;;;
63.993668;-22.589775;;;
63.993664;-22.589888;;;
63.993664;-22.589981;;;
63.99366;-22.59011;;;
63.993656;-22.590204;;;
63.99365;-22.590334;;;
63.99364;-22.590445;;;
63.993637;-22.590555;;;
63.99363;-22.59063;;;
63.99362;-22.590757;;;
63.99361;-22.590885;;;
63.993603;-22.590994;;;
63.99359;-22.5911;;;
63.99358;-22.59121;;;
63.99357;-22.591316;;;
63.993553;-22.591423;;;
63.99354;-22.591528;;;
63.993526;-22.591623;;;
63.99351;-22.591728;;;
63.993496;-22.59184;;;
63.99348;-22.591944;;;
63.99346;-22.592047;;;
63.993443;-22.592148;;;
63.993427;-22.592247;;;
63.99341;-22.592348;;;
63.993385;-22.592445;;;
63.993366;-22.592545;;;
63.993343;-22.592642;;;
63.993324;-22.592737;;;
63.9933;-22.592833;;;
63.993275;-22.592926;;;
63.99325;-22.59302;;;
63.99323;-22.593111;;;
63.993202;-22.593203;;;
63.993176;-22.593292;;;
63.99315;-22.593382;;;
63.993122;-22.59347;;;
63.993095;-22.593555;;;
63.99307;-22.593641;;;
63.99304;-22.593725;;;
63.993008;-22.593807;;;
63.992977;-22.59389;;;
63.992947;-22.59397;;;
63.992916;-22.59405;;;
63.992886;-22.594128;;;
63.99285;-22.594204;;;
63.992817;-22.59428;;;
63.992786;-22.594353;;;
63.992752;-22.594425;;;
63.992718;-22.594498;;;
63.992683;-22.594566;;;
63.992645;-22.594635;;;
63.99261;-22.594702;;;
63.992573;-22.594769;;;
63.992535;-22.594831;;;
63.9925;-22.594894;;;
63.992462;-22.594955;;;
63.992424;-22.595015;;;
63.992382;-22.595074;;;
63.992344;-22.595129;;;
63.992306;-22.595184;;;
63.992264;-22.595238;;;
63.992226;-22.59529;;;
63.992184;-22.595339;;;
63.99214;-22.595387;;;
63.9921;-22.595434;;;
63.992058;-22.595478;;;
63.992016;-22.595522;;;
63.991974;-22.595564;;;
63.991932;-22.595604;;;
63.99189;-22.595642;;;
63.99185;-22.595673;;;
63.991802;-22.595713;;;
63.991764;-22.595741;;;
63.99171;-22.595778;;;
63.99167;-22.595806;;;
63.991623;-22.595835;;;
63.991577;-22.59586;;;
63.99153;-22.595884;;;
63.991486;-22.595907;;;
63.99144;-22.595926;;;
63.991394;-22.595945;;;
63.99135;-22.595963;;;
63.991302;-22.595976;;;
63.991257;-22.59599;;;
63.99121;-22.596;;;
63.991165;-22.59601;;;
63.99112;-22.596016;;;
63.99107;-22.596022;;;
63.991024;-22.596025;;;
63.99098;-22.596027;;;
63.990932;-22.596025;;;
63.990883;-22.596024;;;
63.990837;-22.59602;;;
63.99079;-22.596012;;;
63.99074;-22.596004;;;
63.990696;-22.595995;;;
63.99065;-22.595984;;;
63.990604;-22.595968;;;
63.990555;-22.595953;;;
63.99051;-22.595934;;;
63.990463;-22.595915;;;
63.990417;-22.595894;;;
63.99037;-22.59587;;;
63.990322;-22.595844;;;
63.990276;-22.595816;;;
63.99023;-22.595787;;;
63.990185;-22.595755;;;
63.99014;-22.595722;;;
63.990097;-22.595686;;;
63.99005;-22.59565;;;
63.990005;-22.59561;;;
63.98996;-22.595568;;;
63.989918;-22.595526;;;
63.989872;-22.59548;;;
63.98983;-22.595434;;;
63.989788;-22.595385;;;
63.989742;-22.595335;;;
63.9897;-22.595284;;;
63.98966;-22.595228;;;
63.989616;-22.595173;;;
63.989574;-22.595116;;;
63.989532;-22.595055;;;
63.989494;-22.594994;;;
63.989452;-22.59493;;;
63.989414;-22.594866;;;
63.989372;-22.594799;;;
63.989334;-22.59473;;;
63.989296;-22.594662;;;
63.989258;-22.59459;;;
63.989223;-22.594517;;;
63.989185;-22.59444;;;
63.989147;-22.594364;;;
63.989113;-22.594286;;;
63.98908;-22.594206;;;
63.989044;-22.594126;;;
63.98901;-22.594042;;;
63.988983;-22.593971;;;
63.988945;-22.593872;;;
63.98891;-22.593784;;;
63.98888;-22.593697;;;
63.98885;-22.593605;;;
63.98882;-22.593513;;;
63.988792;-22.593422;;;
63.98876;-22.593327;;;
63.988735;-22.593231;;;
63.98871;-22.593136;;;
63.98868;-22.593037;;;
63.988655;-22.592937;;;
63.988632;-22.592838;;;
63.988605;-22.592735;;;
63.988583;-22.592634;;;
63.98856;-22.59253;;;
63.98854;-22.592426;;;
63.988518;-22.59232;;;
63.9885;-22.592213;;;
63.98848;-22.592106;;;
63.98846;-22.591997;;;
63.98844;-22.591888;;;
63.988426;-22.591778;;;
63.98841;-22.591667;;;
63.988396;-22.591555;;;
63.98838;-22.591444;;;
63.98837;-22.59133;;;
63.988354;-22.591217;;;
63.988342;-22.591103;;;
63.988335;-22.590988;;;
63.988323;-22.590872;;;
63.988316;-22.590757;;;
63.988308;-22.590641;;;
63.9883;-22.590525;;;
63.988293;-22.590406;;;
63.98829;-22.59029;;;
63.988285;-22.590172;;;
63.98828;-22.590055;;;
63.988277;-22.589937;;;
63.988277;-22.589819;;;
63.988277;-22.5897;;;
63.988277;-22.589582;;;
63.988277;-22.589464;;;
63.98828;-22.589346;;;
63.98828;-22.589228;;;
63.988285;-22.58911;;;
63.988293;-22.588991;;;
63.988297;-22.588875;;;
63.988304;-22.588757;;;
63.98831;-22.588638;;;
63.98832;-22.588522;;;
63.98833;-22.588406;;;
63.988342;-22.58829;;;
63.98835;-22.588173;;;
63.988365;-22.588058;;;
63.988377;-22.587942;;;
63.98839;-22.587828;;;
63.988407;-22.587713;;;
63.988422;-22.5876;;;
63.988438;-22.587488;;;
63.988457;-22.587376;;;
63.988476;-22.587265;;;
63.988495;-22.587154;;;
63.988514;-22.587046;;;
63.988533;-22.586935;;;
63.988556;-22.586828;;;
63.98858;-22.586721;;;
63.9886;-22.586615;;;
63.988625;-22.58651;;;
63.98865;-22.586405;;;
63.988678;-22.586302;;;
63.988705;-22.586199;;;
63.98873;-22.586098;;;
63.988758;-22.585999;;;
63.98879;-22.5859;;;
63.98882;-22.585802;;;
63.98885;-22.585705;;;
63.98888;-22.585611;;;
63.98891;-22.585516;;;
63.988945;-22.585424;;;
63.988976;-22.585333;;;
63.98901;-22.585243;;;
63.989044;-22.585154;;;
63.989082;-22.585068;;;
63.989117;-22.584982;;;
63.989155;-22.584898;;;
63.98919;-22.584814;;;
63.989227;-22.584734;;;
63.989265;-22.584654;;;
63.989304;-22.584576;;;
63.989346;-22.5845;;;
63.989384;-22.584425;;;
63.989426;-22.58435;;;
63.989468;-22.58428;;;
63.98951;-22.58421;;;
63.98955;-22.58414;;;
63.989594;-22.584074;;;
63.989635;-22.58401;;;
63.98968;-22.583946;;;
63.989723;-22.583885;;;
63.98977;-22.583824;;;
63.989815;-22.583767;;;
63.98986;-22.583712;;;
63.989906;-22.583656;;;
63.989952;-22.583605;;;
63.989998;-22.583553;;;
63.990047;-22.583506;;;
63.990093;-22.583458;;;
63.99014;-22.583412;;;
63.99019;-22.58337;;;
63.99024;-22.583328;;;
63.990284;-22.58329;;;
63.990334;-22.583252;;;
63.990383;-22.583216;;;
63.990433;-22.583183;;;
63.990482;-22.58315;;;
63.990532;-22.583122;;;
63.99058;-22.583094;;;
63.99063;-22.583069;;;
63.990685;-22.583046;;;
63.990734;-22.583023;;;
63.990784;-22.583004;;;
63.990837;-22.582987;;;
63.990887;-22.58297;;;
63.990936;-22.582956;;;
63.99099;-22.582945;;;
63.99104;-22.582935;;;
63.991093;-22.582928;;;
63.991142;-22.582922;;;
63.991196;-22.582918;;;
63.991245;-22.582916;;;
63.9913;-22.582916;;;
63.99135;-22.58292;;;
63.9914;-22.582924;;;
63.99145;-22.58293;;;
63.991505;-22.58294;;;
63.991554;-22.582949;;;
63.991604;-22.582962;;;
63.991657;-22.582975;;;
63.991707;-22.582993;;;
63.99176;-22.58301;;;
63.99181;-22.58303;;;
63.99186;-22.583054;;;
63.99191;-22.583078;;;
63.99196;-22.583103;;;
63.992012;-22.583132;;;
63.99206;-22.583162;;;
63.99211;-22.583195;;;
63.99216;-22.58323;;;
63.992207;-22.583265;;;
63.992256;-22.583303;;;
63.992306;-22.583344;;;
63.992355;-22.583385;;;
63.9924;-22.58343;;;
63.99245;-22.583475;;;
63.99249;-22.583513;;;
63.99254;-22.583567;;;
63.99259;-22.583622;;;
63.992638;-22.583675;;;
63.992683;-22.58373;;;
63.99273;-22.583788;;;
63.99277;-22.583845;;;
63.992817;-22.583906;;;
63.992863;-22.58397;;;
63.992905;-22.584032;;;
63.992947;-22.584097;;;
63.99299;-22.584166;;;
63.99303;-22.584234;;;
63.993073;-22.584305;;;
63.993114;-22.584377;;;
63.993156;-22.584452;;;
63.993195;-22.584526;;;
63.993237;-22.584604;;;
63.993267;-22.58467;;;
63.993313;-22.584763;;;
63.99335;-22.584845;;;
63.993385;-22.584929;;;
63.993423;-22.585012;;;
63.993458;-22.5851;;;
63.993496;-22.585188;;;
63.99353;-22.585276;;;
63.99356;-22.585367;;;
63.993595;-22.585459;;;
63.99363;-22.585552;;;
63.99366;-22.585648;;;
63.993687;-22.585728;;;
63.99372;-22.58584;;;
63.99375;-22.58594;;;
63.99378;-22.586039;;;
63.99381;-22.58614;;;
63.993835;-22.58624;;;
63.993862;-22.586344;;;
63.993885;-22.586449;;;
63.99391;-22.586554;;;
